,GJGC2,GJGC5,GJGC7,GJGC10,GJGC15,GJGC20,GJGC30,GJGC40
2021/1/12,-0.128,-0.114,-0.08,0.03,0.242,0.414,0.649,0.666
2021/1/13,-0.128,-0.119,-0.084,0.025,0.231,0.405,0.635,0.649
2021/1/14,-0.123,-0.104,-0.079,0.03,0.231,0.41,0.643,0.661
2021/1/15,-0.129,-0.104,-0.079,0.03,0.226,0.414,0.649,0.67
2021/1/18,-0.129,-0.098,-0.069,0.045,0.252,0.438,0.658,0.679
2021/1/19,-0.125,-0.108,-0.079,0.04,0.257,0.443,0.658,0.674
2021/1/20,-0.13,-0.114,-0.089,0.035,0.252,0.447,0.663,0.682
2021/1/21,-0.136,-0.119,-0.089,0.03,0.241,0.432,0.649,0.666
2021/1/22,-0.136,-0.115,-0.079,0.035,0.26,0.447,0.653,0.674
2021/1/25,-0.137,-0.119,-0.079,0.035,0.257,0.447,0.658,0.679
2021/1/26,-0.137,-0.119,-0.089,0.03,0.246,0.432,0.649,0.677
2021/1/27,-0.132,-0.113,-0.084,0.035,0.257,0.442,0.649,0.678
2021/1/28,-0.133,-0.113,-0.084,0.035,0.252,0.442,0.647,0.67
2021/1/29,-0.129,-0.114,-0.074,0.05,0.276,0.456,0.658,0.683
2021/2/1,-0.124,-0.11,-0.069,0.055,0.293,0.466,0.667,0.688
2021/2/2,-0.124,-0.104,-0.069,0.05,0.284,0.471,0.667,0.688
2021/2/3,-0.125,-0.108,-0.069,0.055,0.28,0.462,0.667,0.683
2021/2/4,-0.13,-0.108,-0.065,0.055,0.278,0.452,0.658,0.678
2021/2/5,-0.13,-0.108,-0.059,0.055,0.278,0.447,0.653,0.674
2021/2/8,-0.126,-0.098,-0.044,0.065,0.282,0.457,0.667,0.686
2021/2/9,-0.127,-0.099,-0.044,0.065,0.288,0.462,0.672,0.692
2021/2/10,-0.122,-0.095,-0.044,0.075,0.288,0.466,0.667,0.687
2021/2/12,-0.133,-0.113,-0.06,0.06,0.277,0.462,0.667,0.687
2021/2/15,-0.129,-0.103,-0.045,0.075,0.293,0.476,0.677,0.692
2021/2/16,-0.129,-0.099,-0.045,0.075,0.293,0.476,0.677,0.692
2021/2/17,-0.119,-0.079,-0.022,0.095,0.319,0.49,0.686,0.7
2021/2/18,-0.124,-0.083,-0.029,0.09,0.313,0.485,0.677,0.692
2021/2/19,-0.12,-0.079,-0.017,0.1,0.324,0.495,0.678,0.696
2021/2/22,-0.11,-0.069,-0.004,0.115,0.339,0.519,0.695,0.713
2021/2/24,-0.111,-0.069,-0.008,0.115,0.344,0.528,0.709,0.726
2021/2/25,-0.101,-0.053,0.01,0.14,0.365,0.547,0.741,0.76
2021/2/26,-0.117,-0.053,0.036,0.159,0.38,0.552,0.749,0.772
2021/3/1,-0.119,-0.064,0.019,0.15,0.359,0.528,0.723,0.748
2021/3/2,-0.124,-0.078,-0.009,0.125,0.334,0.505,0.704,0.726
2021/3/3,-0.115,-0.074,-0.009,0.115,0.318,0.485,0.676,0.696
2021/3/4,-0.12,-0.068,0.0001,0.134,0.344,0.514,0.709,0.722
2021/3/5,-0.13,-0.093,-0.044,0.085,0.293,0.471,0.672,0.687
2021/3/8,-0.121,-0.075,-0.009,0.11,0.313,0.485,0.681,0.696
2021/3/9,-0.117,-0.064,-0.003,0.125,0.334,0.509,0.7,0.713
2021/3/10,-0.117,-0.069,-0.009,0.12,0.329,0.509,0.691,0.705
2021/3/11,-0.122,-0.079,-0.023,0.1,0.308,0.48,0.654,0.67
2021/3/12,-0.128,-0.079,-0.023,0.11,0.319,0.49,0.668,0.679
2021/3/15,-0.139,-0.088,-0.023,0.105,0.318,0.49,0.677,0.692
2021/3/16,-0.149,-0.098,-0.033,0.095,0.303,0.48,0.668,0.683
2021/3/17,-0.144,-0.094,-0.033,0.09,0.301,0.48,0.663,0.679
2021/3/18,-0.14,-0.094,-0.029,0.1,0.308,0.485,0.663,0.679
2021/3/19,-0.135,-0.084,-0.019,0.11,0.324,0.504,0.672,0.687
2021/3/22,-0.141,-0.099,-0.044,0.075,0.282,0.461,0.635,0.657
2021/3/23,-0.136,-0.093,-0.042,0.075,0.275,0.447,0.626,0.653
2021/3/24,-0.142,-0.103,-0.058,0.066,0.262,0.44,0.626,0.657
2021/3/25,-0.132,-0.099,-0.05,0.08,0.283,0.457,0.635,0.654
2021/3/26,-0.137,-0.104,-0.052,0.075,0.277,0.457,0.654,0.67
2021/3/29,-0.138,-0.104,-0.063,0.065,0.267,0.447,0.635,0.653
2021/3/30,-0.144,-0.098,-0.04,0.085,0.283,0.457,0.644,0.666
2021/3/31,-0.129,-0.094,-0.034,0.09,0.298,0.476,0.668,0.688
2021/4/1,-0.124,-0.083,-0.014,0.11,0.318,0.495,0.695,0.713
2021/4/2,-0.124,-0.084,-0.019,0.115,0.313,0.49,0.695,0.713
2021/4/5,-0.12,-0.084,-0.009,0.115,0.317,0.49,0.695,0.718
2021/4/6,-0.12,-0.088,-0.023,0.105,0.307,0.476,0.677,0.7
2021/4/7,-0.12,-0.095,-0.028,0.095,0.297,0.456,0.653,0.674
2021/4/8,-0.126,-0.103,-0.029,0.095,0.297,0.466,0.672,0.692
2021/4/9,-0.126,-0.093,-0.024,0.1,0.307,0.471,0.677,0.692
2021/4/12,-0.126,-0.093,-0.025,0.105,0.307,0.481,0.681,0.692
2021/4/13,-0.132,-0.1,-0.023,0.1,0.302,0.471,0.672,0.684
2021/4/14,-0.132,-0.104,-0.038,0.085,0.287,0.456,0.649,0.666
2021/4/15,-0.132,-0.1,-0.034,0.085,0.287,0.456,0.653,0.667
2021/4/16,-0.132,-0.104,-0.034,0.085,0.287,0.452,0.653,0.67
2021/4/19,-0.133,-0.098,-0.039,0.08,0.282,0.447,0.653,0.67
2021/4/20,-0.128,-0.098,-0.037,0.08,0.282,0.437,0.644,0.658
2021/4/21,-0.133,-0.104,-0.053,0.07,0.267,0.432,0.63,0.648
2021/4/22,-0.133,-0.108,-0.058,0.065,0.263,0.432,0.635,0.653
2021/4/23,-0.133,-0.108,-0.054,0.065,0.257,0.432,0.64,0.657
2021/4/26,-0.134,-0.104,-0.047,0.07,0.263,0.437,0.649,0.666
2021/4/27,-0.134,-0.104,-0.043,0.08,0.267,0.447,0.644,0.661
2021/4/28,-0.134,-0.094,-0.034,0.09,0.282,0.456,0.653,0.675
2021/4/30,-0.129,-0.094,-0.034,0.09,0.277,0.456,0.658,0.679
2021/5/6,-0.125,-0.095,-0.04,0.085,0.272,0.452,0.653,0.679
2021/5/7,-0.13,-0.099,-0.044,0.08,0.272,0.452,0.653,0.679
2021/5/10,-0.131,-0.095,-0.038,0.08,0.272,0.447,0.649,0.671
2021/5/11,-0.131,-0.099,-0.044,0.07,0.262,0.437,0.639,0.666
2021/5/12,-0.126,-0.093,-0.039,0.075,0.268,0.437,0.639,0.662
2021/5/13,-0.126,-0.089,-0.023,0.09,0.282,0.46,0.671,0.692
2021/5/14,-0.127,-0.099,-0.035,0.08,0.272,0.442,0.654,0.679
2021/5/17,-0.127,-0.1,-0.039,0.075,0.267,0.441,0.651,0.678
2021/5/18,-0.127,-0.1,-0.039,0.075,0.267,0.442,0.657,0.682
2021/5/19,-0.128,-0.1,-0.045,0.07,0.266,0.441,0.658,0.683
2021/5/20,-0.128,-0.094,-0.033,0.08,0.272,0.447,0.667,0.692
2021/5/21,-0.128,-0.094,-0.039,0.078,0.272,0.451,0.677,0.7
2021/5/24,-0.129,-0.098,-0.043,0.075,0.267,0.447,0.672,0.7
2021/5/25,-0.129,-0.098,-0.049,0.07,0.262,0.442,0.672,0.7
2021/5/26,-0.129,-0.098,-0.049,0.07,0.262,0.442,0.672,0.7
2021/5/27,-0.134,-0.104,-0.053,0.07,0.262,0.442,0.667,0.701
2021/5/28,-0.134,-0.094,-0.039,0.08,0.272,0.452,0.672,0.709
2021/5/31,-0.13,-0.098,-0.042,0.075,0.267,0.447,0.672,0.709
2021/6/1,-0.124,-0.098,-0.044,0.075,0.267,0.447,0.681,0.717
2021/6/2,-0.124,-0.098,-0.044,0.075,0.273,0.457,0.689,0.722
2021/6/3,-0.12,-0.099,-0.044,0.08,0.277,0.457,0.686,0.717
2021/6/4,-0.12,-0.099,-0.038,0.082,0.282,0.457,0.691,0.722
2021/6/7,-0.12,-0.099,-0.048,0.075,0.277,0.457,0.691,0.722
2021/6/8,-0.121,-0.103,-0.054,0.07,0.27,0.446,0.681,0.717
2021/6/9,-0.121,-0.103,-0.064,0.065,0.257,0.432,0.668,0.708
2021/6/10,-0.126,-0.114,-0.08,0.045,0.242,0.422,0.661,0.704
2021/6/11,-0.126,-0.12,-0.09,0.03,0.227,0.412,0.658,0.702
2021/6/14,-0.127,-0.118,-0.084,0.035,0.233,0.418,0.658,0.704
2021/6/15,-0.127,-0.114,-0.079,0.045,0.242,0.432,0.672,0.717
2021/6/16,-0.127,-0.11,-0.076,0.045,0.248,0.442,0.681,0.735
2021/6/17,-0.122,-0.099,-0.058,0.06,0.257,0.447,0.686,0.74
2021/6/18,-0.122,-0.104,-0.065,0.055,0.248,0.432,0.672,0.73
2021/6/21,-0.118,-0.108,-0.079,0.04,0.237,0.428,0.672,0.735
2021/6/22,-0.113,-0.1,-0.069,0.05,0.247,0.432,0.672,0.735
2021/6/23,-0.113,-0.1,-0.069,0.05,0.247,0.428,0.663,0.726
2021/6/24,-0.113,-0.098,-0.064,0.05,0.243,0.425,0.668,0.726
2021/6/25,-0.113,-0.104,-0.069,0.045,0.238,0.428,0.677,0.74
2021/6/28,-0.114,-0.098,-0.064,0.055,0.242,0.432,0.686,0.749
2021/6/29,-0.114,-0.098,-0.07,0.055,0.245,0.437,0.686,0.749
2021/6/30,-0.114,-0.104,-0.07,0.055,0.251,0.442,0.686,0.758
2021/7/1,-0.119,-0.113,-0.084,0.036,0.232,0.428,0.677,0.744
2021/7/2,-0.119,-0.113,-0.09,0.04,0.223,0.418,0.668,0.731
2021/7/5,-0.115,-0.119,-0.101,0.03,0.225,0.413,0.672,0.735
2021/7/6,-0.11,-0.109,-0.09,0.04,0.229,0.418,0.668,0.735
2021/7/7,-0.11,-0.113,-0.11,0.03,0.225,0.413,0.672,0.735
2021/7/8,-0.115,-0.124,-0.125,0.025,0.219,0.408,0.656,0.717
2021/7/9,-0.116,-0.119,-0.111,0.026,0.229,0.417,0.667,0.731
2021/7/12,-0.116,-0.12,-0.11,0.025,0.225,0.413,0.667,0.731
2021/7/13,-0.121,-0.12,-0.114,0.02,0.219,0.403,0.667,0.735
2021/7/14,-0.127,-0.124,-0.12,0.015,0.21,0.4,0.667,0.735
2021/7/15,-0.127,-0.128,-0.125,0.01,0.2,0.38,0.64,0.713
2021/7/16,-0.127,-0.124,-0.116,0.015,0.21,0.395,0.644,0.714
2021/7/19,-0.133,-0.128,-0.124,0.014,0.208,0.395,0.649,0.717
2021/7/20,-0.133,-0.134,-0.135,0.01,0.2,0.39,0.642,0.713
2021/7/21,-0.133,-0.134,-0.13,0.01,0.21,0.4,0.658,0.731
2021/7/26,-0.134,-0.135,-0.13,0.01,0.205,0.395,0.649,0.727
2021/7/27,-0.129,-0.129,-0.119,0.015,0.214,0.4,0.653,0.735
2021/7/28,-0.129,-0.129,-0.125,0.011,0.21,0.395,0.644,0.727
2021/7/29,-0.129,-0.129,-0.12,0.016,0.21,0.391,0.64,0.718
2021/7/30,-0.124,-0.123,-0.12,0.016,0.2,0.39,0.639,0.716
2021/8/2,-0.129,-0.123,-0.12,0.015,0.2,0.39,0.639,0.722
2021/8/3,-0.125,-0.129,-0.13,0.005,0.19,0.381,0.635,0.72
2021/8/4,-0.13,-0.133,-0.135,0.0001,0.185,0.375,0.63,0.718
2021/8/5,-0.135,-0.134,-0.124,0.005,0.191,0.381,0.636,0.723
2021/8/6,-0.135,-0.13,-0.12,0.01,0.2,0.39,0.639,0.723
2021/8/10,-0.131,-0.124,-0.104,0.02,0.21,0.4,0.644,0.727
2021/8/11,-0.131,-0.12,-0.094,0.035,0.224,0.409,0.653,0.731
2021/8/12,-0.131,-0.124,-0.11,0.02,0.215,0.404,0.644,0.718
2021/8/13,-0.137,-0.124,-0.11,0.02,0.215,0.405,0.649,0.727
2021/8/16,-0.137,-0.128,-0.125,0.01,0.205,0.395,0.644,0.722
2021/8/17,-0.142,-0.134,-0.13,0.005,0.2,0.394,0.639,0.718
2021/8/18,-0.143,-0.135,-0.124,0.01,0.205,0.4,0.649,0.722
2021/8/19,-0.143,-0.128,-0.124,0.01,0.21,0.4,0.649,0.718
2021/8/20,-0.143,-0.129,-0.13,0.005,0.205,0.395,0.649,0.718
2021/8/23,-0.139,-0.125,-0.12,0.015,0.21,0.4,0.649,0.722
2021/8/24,-0.139,-0.119,-0.116,0.015,0.21,0.405,0.654,0.722
2021/8/25,-0.139,-0.119,-0.114,0.017,0.215,0.405,0.649,0.722
2021/8/26,-0.134,-0.119,-0.109,0.015,0.21,0.4,0.64,0.713
2021/8/27,-0.134,-0.115,-0.103,0.02,0.215,0.405,0.644,0.718
2021/8/30,-0.13,-0.119,-0.11,0.015,0.21,0.4,0.649,0.722
2021/8/31,-0.13,-0.119,-0.104,0.02,0.215,0.4,0.649,0.727
2021/9/1,-0.129,-0.109,-0.094,0.025,0.219,0.405,0.649,0.727
2021/9/2,-0.129,-0.109,-0.095,0.029,0.219,0.405,0.642,0.718
2021/9/3,-0.125,-0.105,-0.089,0.035,0.224,0.413,0.649,0.727
2021/9/6,-0.12,-0.099,-0.079,0.04,0.233,0.419,0.658,0.731
2021/9/7,-0.125,-0.099,-0.084,0.035,0.229,0.419,0.658,0.735
2021/9/8,-0.126,-0.099,-0.08,0.04,0.234,0.429,0.666,0.74
2021/9/9,-0.126,-0.103,-0.08,0.035,0.234,0.424,0.658,0.731
2021/9/10,-0.126,-0.103,-0.08,0.04,0.234,0.424,0.654,0.727
2021/9/13,-0.126,-0.103,-0.078,0.04,0.234,0.424,0.654,0.722
2021/9/14,-0.127,-0.103,-0.074,0.04,0.229,0.419,0.649,0.718
2021/9/15,-0.132,-0.11,-0.084,0.03,0.219,0.414,0.649,0.718
2021/9/16,-0.127,-0.103,-0.079,0.04,0.229,0.419,0.649,0.718
2021/9/17,-0.127,-0.099,-0.075,0.045,0.24,0.429,0.654,0.722
2021/9/21,-0.133,-0.104,-0.083,0.035,0.234,0.424,0.654,0.726
2021/9/22,-0.133,-0.108,-0.085,0.031,0.229,0.424,0.654,0.726
2021/9/24,-0.129,-0.093,-0.064,0.05,0.244,0.438,0.672,0.744
2021/9/27,-0.129,-0.094,-0.064,0.05,0.248,0.448,0.681,0.753
2021/9/28,-0.129,-0.083,-0.044,0.071,0.267,0.457,0.691,0.766
2021/9/29,-0.124,-0.083,-0.048,0.065,0.259,0.448,0.677,0.751
2021/9/30,-0.124,-0.083,-0.044,0.065,0.259,0.443,0.672,0.744
2021/10/1,-0.124,-0.098,-0.058,0.05,0.239,0.424,0.658,0.735
2021/10/4,-0.12,-0.098,-0.064,0.045,0.234,0.424,0.668,0.744
2021/10/5,-0.12,-0.094,-0.049,0.05,0.252,0.433,0.675,0.753
2021/10/6,-0.115,-0.084,-0.031,0.08,0.273,0.448,0.681,0.757
2021/10/7,-0.12,-0.088,-0.04,0.07,0.264,0.443,0.677,0.757
2021/10/8,-0.115,-0.084,-0.033,0.08,0.274,0.457,0.686,0.766
2021/10/11,-0.116,-0.08,-0.025,0.09,0.28,0.466,0.695,0.771
2021/10/12,-0.116,-0.078,-0.029,0.09,0.279,0.467,0.691,0.762
2021/10/13,-0.116,-0.078,-0.029,0.085,0.274,0.46,0.69,0.756
2021/10/14,-0.116,-0.084,-0.038,0.08,0.269,0.453,0.686,0.749
2021/10/15,-0.117,-0.084,-0.044,0.075,0.269,0.457,0.686,0.749
2021/10/18,-0.117,-0.074,-0.029,0.09,0.284,0.467,0.695,0.757
2021/10/19,-0.117,-0.074,-0.035,0.085,0.284,0.467,0.691,0.753
2021/10/20,-0.112,-0.074,-0.029,0.09,0.289,0.481,0.695,0.753
2021/10/21,-0.113,-0.074,-0.033,0.085,0.284,0.476,0.691,0.749
2021/10/22,-0.113,-0.068,-0.029,0.09,0.289,0.485,0.7,0.757
2021/10/25,-0.108,-0.068,-0.024,0.095,0.294,0.49,0.704,0.757
2021/10/26,-0.108,-0.058,-0.014,0.1,0.299,0.49,0.695,0.744
2021/10/27,-0.108,-0.064,-0.024,0.095,0.304,0.49,0.691,0.732
2021/10/28,-0.104,-0.074,-0.036,0.085,0.289,0.471,0.681,0.725
2021/10/29,-0.104,-0.074,-0.03,0.095,0.294,0.471,0.672,0.704
2021/11/1,-0.104,-0.078,-0.044,0.09,0.289,0.471,0.672,0.704
2021/11/2,-0.105,-0.084,-0.053,0.08,0.279,0.466,0.681,0.718
2021/11/4,-0.1,-0.085,-0.054,0.075,0.274,0.456,0.68,0.722
2021/11/5,-0.11,-0.099,-0.074,0.06,0.259,0.442,0.677,0.721
2021/11/8,-0.115,-0.099,-0.079,0.055,0.259,0.447,0.677,0.718
2021/11/9,-0.116,-0.093,-0.079,0.06,0.267,0.457,0.681,0.722
2021/11/10,-0.116,-0.093,-0.085,0.055,0.264,0.452,0.667,0.704
2021/11/11,-0.116,-0.087,-0.071,0.065,0.269,0.457,0.681,0.713
2021/11/12,-0.116,-0.079,-0.06,0.07,0.274,0.466,0.677,0.713
2021/11/15,-0.122,-0.083,-0.07,0.064,0.269,0.461,0.677,0.718
2021/11/16,-0.122,-0.079,-0.058,0.07,0.274,0.466,0.677,0.718
2021/11/17,-0.127,-0.083,-0.054,0.07,0.279,0.471,0.681,0.726
2021/11/18,-0.122,-0.073,-0.046,0.08,0.284,0.466,0.681,0.731
2021/11/19,-0.128,-0.079,-0.059,0.075,0.274,0.461,0.672,0.722
2021/11/22,-0.133,-0.087,-0.064,0.07,0.274,0.461,0.681,0.731
2021/11/24,-0.129,-0.083,-0.055,0.08,0.284,0.476,0.686,0.734
2021/11/25,-0.124,-0.073,-0.049,0.08,0.287,0.476,0.681,0.726
2021/11/26,-0.129,-0.084,-0.065,0.07,0.279,0.466,0.677,0.718
2021/11/29,-0.129,-0.084,-0.065,0.07,0.279,0.471,0.686,0.726
2021/11/30,-0.124,-0.094,-0.085,0.056,0.259,0.451,0.667,0.718
2021/12/1,-0.119,-0.088,-0.079,0.061,0.264,0.457,0.667,0.718
2021/12/2,-0.119,-0.094,-0.085,0.055,0.264,0.457,0.672,0.718
2021/12/3,-0.115,-0.098,-0.099,0.05,0.254,0.452,0.667,0.704
2021/12/6,-0.115,-0.103,-0.115,0.035,0.249,0.447,0.663,0.7
2021/12/7,-0.115,-0.095,-0.095,0.05,0.264,0.461,0.676,0.704
2021/12/8,-0.11,-0.095,-0.099,0.045,0.259,0.457,0.669,0.704
2021/12/9,-0.106,-0.088,-0.095,0.045,0.258,0.452,0.672,0.713
2021/12/10,-0.106,-0.088,-0.084,0.05,0.259,0.457,0.672,0.709
2021/12/13,-0.106,-0.093,-0.086,0.045,0.259,0.452,0.663,0.703
2021/12/14,-0.111,-0.099,-0.093,0.045,0.251,0.452,0.663,0.704
2021/12/15,-0.112,-0.099,-0.1,0.045,0.253,0.452,0.663,0.704
2021/12/16,-0.112,-0.099,-0.104,0.04,0.248,0.442,0.654,0.695
2021/12/17,-0.112,-0.099,-0.103,0.044,0.254,0.447,0.654,0.695
2021/12/20,-0.112,-0.108,-0.11,0.035,0.245,0.442,0.654,0.695
2021/12/21,-0.107,-0.1,-0.095,0.05,0.259,0.452,0.663,0.709
2021/12/22,-0.102,-0.089,-0.082,0.055,0.269,0.461,0.668,0.709
2021/12/23,-0.097,-0.089,-0.079,0.06,0.274,0.466,0.677,0.718
2021/12/24,-0.098,-0.087,-0.074,0.06,0.279,0.471,0.677,0.72
2021/12/27,-0.098,-0.083,-0.079,0.06,0.274,0.466,0.672,0.721
2021/12/28,-0.094,-0.083,-0.078,0.06,0.274,0.471,0.681,0.731
2021/12/29,-0.099,-0.083,-0.08,0.055,0.274,0.467,0.681,0.731
2021/12/30,-0.094,-0.077,-0.054,0.071,0.289,0.476,0.691,0.74
2022/1/4,-0.085,-0.069,-0.039,0.085,0.299,0.486,0.691,0.74
2022/1/5,-0.085,-0.069,-0.039,0.082,0.294,0.486,0.695,0.744
2022/1/6,-0.08,-0.054,-0.013,0.115,0.326,0.504,0.709,0.753
2022/1/7,-0.075,-0.043,0.001,0.13,0.341,0.519,0.709,0.749
2022/1/11,-0.076,-0.029,0.02,0.149,0.356,0.528,0.713,0.749
2022/1/12,-0.081,-0.048,-0.009,0.125,0.328,0.504,0.7,0.739
2022/1/13,-0.081,-0.039,-0.009,0.125,0.331,0.504,0.703,0.74
2022/1/14,-0.071,-0.017,0.016,0.145,0.361,0.528,0.718,0.749
2022/1/17,-0.071,-0.023,0.014,0.14,0.351,0.529,0.709,0.74
2022/1/18,-0.071,-0.023,0.02,0.145,0.351,0.529,0.709,0.744
2022/1/19,-0.076,-0.039,0.005,0.134,0.341,0.524,0.704,0.744
2022/1/20,-0.071,-0.029,0.01,0.14,0.345,0.533,0.713,0.753
2022/1/21,-0.072,-0.033,0.0001,0.13,0.336,0.524,0.709,0.749
2022/1/24,-0.067,-0.029,0.006,0.135,0.338,0.524,0.718,0.753
2022/1/25,-0.067,-0.029,0.0001,0.135,0.336,0.524,0.718,0.757
2022/1/26,-0.067,-0.023,0.0001,0.135,0.336,0.519,0.718,0.762
2022/1/27,-0.057,-0.013,0.02,0.155,0.357,0.543,0.735,0.771
2022/1/28,-0.054,-0.019,0.02,0.165,0.369,0.547,0.75,0.793
2022/1/31,-0.054,-0.019,0.025,0.17,0.387,0.557,0.768,0.806
2022/2/1,-0.049,-0.003,0.04,0.179,0.4,0.571,0.781,0.814
2022/2/2,-0.05,-0.009,0.031,0.174,0.395,0.575,0.789,0.823
2022/2/3,-0.05,-0.009,0.031,0.174,0.395,0.571,0.777,0.81
2022/2/4,-0.045,0.005,0.06,0.195,0.42,0.594,0.791,0.828
2022/2/7,-0.045,0.005,0.06,0.194,0.434,0.609,0.813,0.853
2022/2/8,-0.04,0.015,0.08,0.204,0.449,0.632,0.839,0.879
2022/2/9,-0.04,0.015,0.076,0.204,0.444,0.618,0.817,0.853
2022/2/10,-0.03,0.031,0.085,0.224,0.469,0.646,0.853,0.891
2022/2/14,-0.03,0.035,0.085,0.213,0.469,0.66,0.866,0.904
2022/2/15,-0.025,0.04,0.085,0.209,0.477,0.673,0.876,0.913
2022/2/16,-0.02,0.05,0.1,0.214,0.488,0.688,0.906,0.934
2022/2/17,-0.01,0.056,0.1,0.219,0.508,0.72,0.957,0.979
2022/2/18,-0.01,0.05,0.09,0.214,0.488,0.684,0.91,0.938
2022/2/21,-0.015,0.04,0.08,0.204,0.464,0.656,0.87,0.904
2022/2/22,-0.025,0.021,0.06,0.189,0.445,0.636,0.844,0.878
2022/2/24,-0.025,0.021,0.05,0.184,0.445,0.642,0.857,0.892
2022/2/25,-0.026,0.032,0.07,0.205,0.469,0.674,0.897,0.927
2022/2/28,-0.034,0.007,0.046,0.18,0.435,0.645,0.866,0.9
2022/3/1,-0.034,0.005,0.04,0.175,0.435,0.651,0.875,0.909
2022/3/2,-0.045,-0.024,-0.019,0.131,0.396,0.609,0.84,0.875
2022/3/3,-0.035,0.0001,0.02,0.164,0.43,0.628,0.84,0.875
2022/3/4,-0.04,0.0001,0.01,0.15,0.415,0.613,0.822,0.858
2022/3/7,-0.05,-0.013,-0.009,0.14,0.4,0.604,0.813,0.846
2022/3/8,-0.045,-0.009,0.006,0.15,0.425,0.632,0.857,0.888
2022/3/9,-0.04,-0.003,0.02,0.159,0.425,0.628,0.848,0.879
2022/3/10,-0.03,0.015,0.05,0.184,0.45,0.651,0.857,0.883
2022/3/11,-0.03,0.015,0.045,0.179,0.444,0.651,0.857,0.883
2022/3/14,-0.03,0.025,0.061,0.189,0.45,0.656,0.848,0.87
2022/3/15,-0.025,0.036,0.081,0.204,0.469,0.683,0.884,0.904
2022/3/16,-0.025,0.03,0.075,0.199,0.459,0.669,0.875,0.896
2022/3/17,-0.025,0.03,0.071,0.199,0.459,0.66,0.874,0.894
2022/3/18,-0.02,0.036,0.075,0.204,0.464,0.665,0.871,0.892
2022/3/22,-0.02,0.04,0.091,0.214,0.479,0.683,0.892,0.912
2022/3/23,-0.025,0.04,0.097,0.219,0.483,0.697,0.909,0.929
2022/3/24,-0.025,0.045,0.105,0.228,0.493,0.702,0.91,0.93
2022/3/25,-0.026,0.045,0.12,0.234,0.508,0.721,0.936,0.955
2022/3/28,-0.02,0.055,0.146,0.248,0.532,0.766,0.979,1
2022/3/29,-0.02,0.066,0.16,0.243,0.537,0.794,1.026,1.069
2022/3/30,-0.031,0.041,0.115,0.212,0.493,0.748,0.966,1.011
2022/3/31,-0.036,0.026,0.1,0.209,0.449,0.688,0.904,0.938
2022/4/1,-0.039,0.015,0.1,0.214,0.457,0.692,0.914,0.955
2022/4/4,-0.04,0.011,0.095,0.209,0.464,0.697,0.923,0.963
2022/4/5,-0.04,0.015,0.111,0.204,0.477,0.706,0.936,0.98
2022/4/6,-0.035,0.032,0.158,0.235,0.511,0.75,0.983,1.035
2022/4/7,-0.04,0.03,0.136,0.23,0.501,0.748,0.982,1.04
2022/4/8,-0.08,0.011,0.134,0.225,0.477,0.729,0.968,1.025
2022/4/11,-0.086,0.022,0.15,0.234,0.487,0.752,0.994,1.045
2022/4/12,-0.081,0.015,0.155,0.239,0.496,0.761,0.995,1.041
2022/4/13,-0.066,0.031,0.15,0.234,0.487,0.747,0.981,1.017
2022/4/14,-0.061,0.025,0.134,0.234,0.477,0.729,0.946,0.984
2022/4/15,-0.061,0.025,0.14,0.239,0.487,0.729,0.937,0.971
2022/4/18,-0.056,0.025,0.15,0.239,0.487,0.743,0.959,0.996
2022/4/19,-0.046,0.025,0.151,0.241,0.487,0.751,0.968,1.004
2022/4/20,-0.046,0.031,0.17,0.25,0.506,0.776,0.982,1.013
2022/4/21,-0.051,0.015,0.168,0.244,0.506,0.776,0.986,1.017
2022/4/22,-0.056,0.015,0.175,0.244,0.531,0.794,1.013,1.041
2022/4/25,-0.051,0.011,0.154,0.245,0.516,0.772,1,1.037
2022/4/26,-0.057,0.011,0.15,0.245,0.515,0.762,0.986,1.025
2022/4/27,-0.062,0.011,0.15,0.245,0.51,0.758,0.977,1.017
2022/4/28,-0.059,0.0001,0.121,0.215,0.497,0.743,0.972,1.009
2022/5/2,-0.05,0.011,0.145,0.225,0.512,0.753,0.986,1.024
2022/5/6,-0.045,0.017,0.164,0.24,0.531,0.772,1.008,1.045
2022/5/9,-0.045,0.015,0.174,0.245,0.535,0.786,1.026,1.061
2022/5/10,-0.045,0.015,0.165,0.245,0.533,0.776,1.026,1.066
2022/5/11,-0.045,0.015,0.155,0.245,0.53,0.772,1.017,1.066
2022/5/12,-0.05,0.011,0.141,0.244,0.52,0.762,1.004,1.062
2022/5/13,-0.055,0.005,0.135,0.24,0.511,0.748,0.995,1.049
2022/5/16,-0.056,0.011,0.141,0.24,0.516,0.753,1,1.057
2022/5/17,-0.056,0.011,0.141,0.24,0.521,0.767,1.013,1.073
2022/5/18,-0.056,0.015,0.135,0.24,0.521,0.772,1.017,1.073
2022/5/19,-0.056,0.015,0.131,0.24,0.516,0.762,1.004,1.061
2022/5/20,-0.056,0.011,0.115,0.234,0.506,0.739,0.986,1.049
2022/5/23,-0.061,0.011,0.121,0.235,0.501,0.729,0.986,1.049
2022/5/24,-0.067,0.0001,0.105,0.229,0.489,0.725,0.968,1.033
2022/5/25,-0.072,-0.013,0.085,0.205,0.472,0.705,0.959,1.021
2022/5/26,-0.062,0.0001,0.105,0.229,0.511,0.753,1,1.049
2022/5/27,-0.067,-0.003,0.1,0.225,0.496,0.734,0.986,1.056
2022/5/30,-0.067,0.0001,0.104,0.229,0.502,0.743,0.999,1.064
2022/5/31,-0.078,0.0001,0.125,0.235,0.511,0.758,1.017,1.085
2022/6/1,-0.074,-0.009,0.117,0.229,0.516,0.758,1.031,1.102
2022/6/2,-0.07,-0.003,0.125,0.24,0.526,0.771,1.035,1.115
2022/6/3,-0.07,-0.009,0.109,0.229,0.511,0.748,1.022,1.094
2022/6/6,-0.065,-0.003,0.125,0.24,0.521,0.758,1.026,1.098
2022/6/7,-0.07,-0.003,0.145,0.244,0.53,0.772,1.048,1.115
2022/6/8,-0.07,-0.009,0.14,0.244,0.53,0.767,1.052,1.119
2022/6/9,-0.075,-0.009,0.13,0.244,0.531,0.777,1.071,1.136
2022/6/10,-0.08,-0.005,0.14,0.249,0.546,0.79,1.075,1.144
2022/6/13,-0.05,0.034,0.19,0.249,0.597,0.851,1.158,1.231
2022/6/14,-0.05,0.074,0.272,0.249,0.624,0.865,1.153,1.227
2022/6/15,-0.061,0.07,0.262,0.249,0.679,0.92,1.206,1.276
2022/6/16,-0.086,0.03,0.22,0.249,0.643,0.865,1.145,1.215
2022/6/17,-0.071,0.044,0.209,0.22,0.643,0.879,1.149,1.215
2022/6/20,-0.061,0.066,0.209,0.23,0.652,0.906,1.183,1.243
2022/6/21,-0.066,0.066,0.215,0.234,0.643,0.911,1.209,1.271
2022/6/22,-0.082,0.066,0.219,0.235,0.628,0.914,1.218,1.279
2022/6/23,-0.087,0.045,0.19,0.23,0.611,0.893,1.196,1.264
2022/6/24,-0.082,0.03,0.156,0.221,0.617,0.888,1.205,1.272
2022/6/27,-0.067,0.04,0.174,0.23,0.642,0.912,1.243,1.308
2022/6/28,-0.052,0.047,0.18,0.23,0.647,0.92,1.252,1.324
2022/6/29,-0.049,0.036,0.164,0.224,0.633,0.902,1.234,1.312
2022/6/30,-0.064,0.021,0.164,0.224,0.616,0.883,1.209,1.28
2022/7/1,-0.069,0.006,0.146,0.215,0.584,0.865,1.2,1.276
2022/7/4,-0.065,0.01,0.146,0.219,0.589,0.874,1.222,1.3
2022/7/5,-0.06,0.01,0.165,0.215,0.619,0.893,1.247,1.336
2022/7/6,-0.065,0.006,0.134,0.244,0.609,0.888,1.23,1.324
2022/7/7,-0.07,0.006,0.125,0.244,0.604,0.893,1.222,1.323
2022/7/8,-0.07,0.016,0.146,0.244,0.609,0.916,1.247,1.335
2022/7/11,-0.07,0.025,0.165,0.239,0.614,0.934,1.281,1.367
2022/7/12,-0.071,0.016,0.15,0.239,0.614,0.929,1.299,1.395
2022/7/13,-0.076,0.021,0.146,0.23,0.598,0.902,1.265,1.363
2022/7/14,-0.061,0.031,0.155,0.23,0.595,0.888,1.247,1.343
2022/7/15,-0.061,0.027,0.15,0.23,0.585,0.872,1.212,1.304
2022/7/19,-0.076,0.021,0.15,0.233,0.604,0.903,1.265,1.363
2022/7/20,-0.077,0.025,0.16,0.239,0.614,0.914,1.273,1.375
2022/7/21,-0.077,0.015,0.144,0.234,0.604,0.9,1.26,1.367
2022/7/22,-0.077,0.005,0.111,0.215,0.571,0.862,1.234,1.351
2022/7/25,-0.077,-0.003,0.08,0.198,0.565,0.853,1.219,1.339
2022/7/26,-0.077,-0.003,0.07,0.205,0.561,0.839,1.185,1.284
2022/7/27,-0.077,-0.003,0.063,0.2,0.555,0.825,1.172,1.263
2022/7/28,-0.083,-0.013,0.064,0.2,0.566,0.858,1.215,1.302
2022/7/29,-0.089,-0.029,0.041,0.175,0.543,0.842,1.201,1.28
2022/8/1,-0.089,-0.023,0.045,0.18,0.562,0.863,1.234,1.312
2022/8/2,-0.09,-0.029,0.029,0.17,0.532,0.825,1.199,1.272
2022/8/3,-0.085,-0.019,0.045,0.185,0.547,0.849,1.216,1.292
2022/8/4,-0.095,-0.029,0.031,0.17,0.532,0.83,1.194,1.268
2022/8/5,-0.1,-0.038,0.025,0.161,0.513,0.806,1.167,1.239
2022/8/8,-0.1,-0.034,0.039,0.17,0.515,0.806,1.158,1.235
2022/8/9,-0.101,-0.038,0.031,0.161,0.504,0.792,1.131,1.197
2022/8/10,-0.091,-0.013,0.06,0.19,0.513,0.792,1.127,1.186
2022/8/12,-0.086,-0.009,0.066,0.185,0.513,0.787,1.117,1.174
2022/8/15,-0.086,-0.003,0.06,0.185,0.508,0.792,1.131,1.194
2022/8/16,-0.091,-0.013,0.035,0.166,0.493,0.768,1.099,1.165
2022/8/17,-0.092,-0.009,0.046,0.18,0.503,0.763,1.086,1.152
2022/8/18,-0.087,0.0001,0.066,0.195,0.525,0.783,1.117,1.182
2022/8/19,-0.087,-0.003,0.075,0.195,0.522,0.773,1.095,1.157
2022/8/22,-0.082,0.011,0.121,0.22,0.557,0.82,1.145,1.207
2022/8/23,-0.087,0.005,0.115,0.215,0.56,0.833,1.167,1.231
2022/8/24,-0.087,0.015,0.125,0.22,0.566,0.834,1.163,1.227
2022/8/25,-0.087,0.021,0.141,0.225,0.582,0.853,1.167,1.231
2022/8/26,-0.088,0.011,0.131,0.215,0.571,0.839,1.163,1.223
2022/8/29,-0.083,0.025,0.169,0.24,0.6,0.876,1.207,1.264
2022/8/30,-0.093,0.005,0.139,0.22,0.59,0.872,1.207,1.272
2022/8/31,-0.084,0.005,0.139,0.22,0.571,0.853,1.198,1.26
2022/9/1,-0.079,0.015,0.149,0.235,0.59,0.881,1.23,1.292
2022/9/2,-0.085,0.021,0.159,0.235,0.609,0.904,1.265,1.339
2022/9/5,-0.085,0.011,0.139,0.229,0.595,0.891,1.247,1.328
2022/9/6,-0.08,0.021,0.155,0.235,0.604,0.904,1.256,1.336
2022/9/7,-0.08,0.025,0.168,0.244,0.631,0.937,1.3,1.387
2022/9/8,-0.08,0.03,0.15,0.244,0.634,0.937,1.295,1.379
2022/9/9,-0.08,0.046,0.155,0.244,0.653,0.946,1.308,1.391
2022/9/12,-0.076,0.049,0.155,0.244,0.638,0.923,1.282,1.367
2022/9/13,-0.076,0.03,0.125,0.24,0.6,0.872,1.23,1.316
2022/9/14,-0.076,0.04,0.16,0.249,0.595,0.853,1.194,1.277
2022/9/15,-0.076,0.047,0.174,0.249,0.638,0.923,1.256,1.329
2022/9/16,-0.071,0.051,0.174,0.249,0.653,0.946,1.287,1.359
2022/9/20,-0.071,0.051,0.18,0.249,0.662,0.955,1.308,1.383
2022/9/21,-0.056,0.066,0.19,0.249,0.681,0.96,1.308,1.387
2022/9/22,-0.067,0.045,0.16,0.235,0.662,0.946,1.3,1.383
2022/9/26,-0.057,0.07,0.205,0.244,0.7,0.983,1.364,1.449
2022/9/27,-0.046,0.091,0.224,0.249,0.733,1.02,1.412,1.514
2022/9/28,-0.041,0.081,0.209,0.244,0.733,1.033,1.446,1.559
2022/9/29,-0.046,0.075,0.205,0.249,0.705,0.992,1.382,1.484
2022/9/30,-0.049,0.066,0.189,0.244,0.7,0.996,1.378,1.472
2022/10/3,-0.055,0.051,0.175,0.239,0.671,0.96,1.318,1.414
2022/10/4,-0.06,0.036,0.144,0.225,0.648,0.941,1.313,1.406
2022/10/5,-0.065,0.036,0.165,0.244,0.657,0.941,1.33,1.418
2022/10/6,-0.07,0.036,0.175,0.244,0.667,0.951,1.342,1.437
2022/10/7,-0.065,0.045,0.195,0.244,0.685,0.961,1.352,1.449
2022/10/11,-0.055,0.06,0.214,0.248,0.728,1.019,1.415,1.518
2022/10/12,-0.055,0.06,0.205,0.249,0.746,1.047,1.45,1.563
2022/10/13,-0.05,0.071,0.215,0.244,0.757,1.056,1.46,1.555
2022/10/14,-0.05,0.067,0.219,0.244,0.757,1.051,1.451,1.544
2022/10/17,-0.051,0.091,0.229,0.25,0.78,1.087,1.49,1.585
2022/10/18,-0.051,0.091,0.225,0.25,0.78,1.101,1.494,1.593
2022/10/19,-0.035,0.106,0.235,0.25,0.781,1.118,1.49,1.589
2022/10/20,-0.02,0.126,0.239,0.25,0.817,1.15,1.502,1.59
2022/10/21,-0.005,0.136,0.245,0.25,0.854,1.186,1.553,1.644
2022/10/24,0.0001,0.136,0.243,0.25,0.891,1.231,1.611,1.698
2022/10/25,-0.01,0.116,0.243,0.25,0.87,1.186,1.544,1.637
2022/10/26,-0.02,0.091,0.224,0.25,0.859,1.181,1.524,1.611
2022/10/27,-0.041,0.063,0.194,0.25,0.799,1.109,1.464,1.557
2022/10/28,-0.049,0.071,0.19,0.24,0.753,1.082,1.433,1.529
2022/10/31,-0.044,0.075,0.19,0.239,0.724,1.054,1.413,1.503
2022/11/1,-0.044,0.071,0.19,0.25,0.752,1.095,1.476,1.567
2022/11/2,-0.04,0.075,0.194,0.245,0.757,1.114,1.511,1.6
2022/11/4,-0.04,0.085,0.224,0.25,0.794,1.145,1.532,1.622
2022/11/7,-0.04,0.085,0.224,0.25,0.801,1.159,1.548,1.644
2022/11/8,-0.04,0.085,0.226,0.25,0.831,1.186,1.561,1.662
2022/11/9,-0.05,0.071,0.194,0.25,0.792,1.123,1.49,1.589
2022/11/10,-0.05,0.067,0.173,0.245,0.78,1.123,1.498,1.6
2022/11/11,-0.055,0.046,0.141,0.234,0.733,1.054,1.43,1.533
2022/11/14,-0.05,0.06,0.16,0.24,0.767,1.1,1.477,1.585
2022/11/15,-0.045,0.066,0.145,0.24,0.756,1.072,1.446,1.552
2022/11/16,-0.04,0.066,0.151,0.24,0.756,1.059,1.43,1.537
2022/11/17,-0.04,0.071,0.135,0.24,0.742,1.035,1.395,1.503
2022/11/18,-0.02,0.085,0.151,0.245,0.747,1.049,1.404,1.506
2022/11/21,-0.015,0.085,0.151,0.24,0.747,1.068,1.438,1.539
2022/11/22,-0.02,0.081,0.155,0.24,0.747,1.063,1.447,1.556
2022/11/24,-0.025,0.075,0.152,0.244,0.747,1.063,1.438,1.558
2022/11/25,-0.02,0.095,0.189,0.249,0.779,1.091,1.468,1.574
2022/11/28,-0.02,0.095,0.185,0.249,0.789,1.1,1.473,1.578
2022/11/29,-0.031,0.11,0.205,0.249,0.818,1.127,1.503,1.607
2022/11/30,-0.029,0.11,0.214,0.249,0.809,1.123,1.494,1.607
2022/12/1,-0.029,0.1,0.195,0.249,0.785,1.114,1.498,1.619
2022/12/2,-0.025,0.106,0.195,0.249,0.78,1.095,1.477,1.604
2022/12/5,-0.02,0.116,0.204,0.249,0.79,1.1,1.473,1.6
2022/12/6,-0.01,0.131,0.21,0.249,0.812,1.114,1.468,1.591
2022/12/7,-0.01,0.125,0.185,0.249,0.794,1.1,1.46,1.574
2022/12/8,-0.01,0.125,0.19,0.249,0.78,1.086,1.434,1.544
2022/12/9,-0.015,0.116,0.194,0.249,0.761,1.067,1.395,1.502
2022/12/12,-0.015,0.125,0.214,0.249,0.775,1.093,1.424,1.522
2022/12/13,-0.015,0.125,0.214,0.249,0.775,1.086,1.4,1.495
2022/12/14,-0.015,0.121,0.21,0.249,0.762,1.067,1.391,1.484
2022/12/15,-0.015,0.125,0.219,0.249,0.794,1.105,1.413,1.492
2022/12/16,-0.02,0.125,0.219,0.249,0.804,1.132,1.46,1.548
2022/12/19,-0.01,0.14,0.229,0.249,0.833,1.167,1.502,1.593
2022/12/20,0.01,0.169,0.338,0.406,0.897,1.21,1.545,1.636
2022/12/21,-0.01,0.235,0.406,0.472,0.916,1.204,1.524,1.611
2022/12/22,0.0001,0.216,0.347,0.387,0.895,1.191,1.515,1.603
2022/12/23,0.01,0.199,0.358,0.372,0.917,1.205,1.49,1.574
2022/12/26,0.03,0.236,0.392,0.436,0.939,1.209,1.49,1.582
2022/12/27,0.03,0.24,0.411,0.454,0.952,1.227,1.515,1.604
2022/12/28,0.04,0.24,0.421,0.446,0.975,1.254,1.545,1.633
2022/12/29,0.04,0.24,0.43,0.44,1.02,1.298,1.582,1.673
2022/12/30,0.03,0.229,0.424,0.406,0.993,1.28,1.574,1.691
2023/1/4,0.025,0.219,0.44,0.45,1.029,1.316,1.607,1.717
2023/1/5,0.015,0.204,0.454,0.411,1.029,1.285,1.583,1.699
2023/1/6,0.01,0.196,0.44,0.5,1.019,1.272,1.57,1.688
2023/1/10,0.025,0.226,0.465,0.5,1.061,1.316,1.612,1.724
2023/1/11,0.025,0.23,0.469,0.5,1.052,1.307,1.591,1.71
2023/1/12,0.04,0.265,0.494,0.5,1.111,1.369,1.647,1.746
2023/1/13,0.03,0.269,0.494,0.5,1.106,1.356,1.608,1.713
2023/1/16,0.03,0.31,0.493,0.5,1.083,1.334,1.557,1.661
2023/1/17,0.04,0.32,0.499,0.5,1.096,1.335,1.544,1.622
2023/1/18,0.005,0.23,0.401,0.417,1.065,1.321,1.531,1.611
2023/1/19,0.0001,0.216,0.363,0.407,1.038,1.298,1.553,1.645
2023/1/20,-0.005,0.191,0.321,0.402,1.002,1.291,1.557,1.659
2023/1/23,-0.015,0.16,0.269,0.377,0.957,1.268,1.557,1.666
2023/1/24,-0.005,0.177,0.302,0.407,0.97,1.277,1.539,1.647
2023/1/25,-0.01,0.181,0.31,0.436,0.992,1.295,1.531,1.637
2023/1/26,-0.01,0.181,0.303,0.461,1.012,1.309,1.522,1.619
2023/1/27,0.0001,0.191,0.366,0.476,1.079,1.373,1.57,1.644
2023/1/30,-0.005,0.176,0.367,0.476,1.079,1.382,1.591,1.67
2023/1/31,-0.021,0.186,0.406,0.49,1.105,1.382,1.595,1.681
2023/2/1,-0.019,0.18,0.386,0.481,1.06,1.345,1.565,1.648
2023/2/2,-0.02,0.18,0.381,0.495,1.03,1.31,1.527,1.604
2023/2/3,-0.03,0.155,0.351,0.484,0.997,1.291,1.527,1.604
2023/2/6,-0.025,0.165,0.372,0.49,1.029,1.319,1.535,1.608
2023/2/7,-0.03,0.176,0.382,0.49,1.029,1.323,1.557,1.634
2023/2/8,-0.03,0.186,0.385,0.49,1.029,1.314,1.54,1.619
2023/2/9,-0.035,0.2,0.397,0.49,1.034,1.319,1.54,1.614
2023/2/10,-0.045,0.2,0.405,0.49,1.048,1.341,1.557,1.634
2023/2/13,-0.055,0.186,0.397,0.5,1.034,1.309,1.505,1.582
2023/2/14,-0.056,0.192,0.381,0.5,1.02,1.296,1.501,1.578
2023/2/15,-0.051,0.192,0.386,0.5,1.009,1.287,1.479,1.555
2023/2/16,-0.046,0.196,0.402,0.5,1.033,1.305,1.483,1.548
2023/2/17,-0.046,0.21,0.411,0.5,1.06,1.318,1.501,1.555
2023/2/20,-0.041,0.216,0.411,0.5,1.079,1.328,1.505,1.552
2023/2/21,-0.025,0.235,0.436,0.5,1.083,1.323,1.501,1.552
2023/2/22,-0.025,0.241,0.445,0.5,1.075,1.309,1.47,1.514
2023/2/24,-0.025,0.22,0.42,0.5,1.037,1.287,1.461,1.511
2023/2/27,-0.026,0.225,0.435,0.5,1.035,1.273,1.452,1.507
2023/2/28,-0.041,0.21,0.416,0.5,0.936,1.203,1.39,1.426
2023/3/1,-0.034,0.2,0.411,0.5,0.943,1.199,1.386,1.423
2023/3/2,-0.035,0.195,0.419,0.5,0.977,1.227,1.413,1.457
2023/3/3,-0.04,0.191,0.396,0.5,0.979,1.244,1.439,1.492
2023/3/6,-0.04,0.206,0.401,0.5,0.984,1.245,1.435,1.488
2023/3/7,-0.04,0.195,0.397,0.5,0.975,1.254,1.444,1.503
2023/3/8,-0.04,0.2,0.401,0.5,0.984,1.264,1.47,1.537
2023/3/9,-0.02,0.225,0.431,0.5,1.007,1.277,1.47,1.545
2023/3/10,-0.03,0.191,0.346,0.392,0.933,1.221,1.416,1.499
2023/3/13,-0.025,0.17,0.313,0.303,0.855,1.133,1.328,1.415
2023/3/14,-0.04,0.115,0.209,0.279,0.743,1.016,1.199,1.291
2023/3/15,-0.051,0.126,0.225,0.323,0.802,1.101,1.315,1.411
2023/3/16,-0.071,0.105,0.168,0.286,0.762,1.068,1.305,1.403
2023/3/17,-0.076,0.101,0.173,0.273,0.788,1.087,1.323,1.422
2023/3/20,-0.077,0.06,0.12,0.238,0.738,1.015,1.274,1.38
2023/3/22,-0.056,0.096,0.174,0.325,0.803,1.091,1.337,1.434
2023/3/23,-0.061,0.075,0.156,0.297,0.78,1.082,1.346,1.45
2023/3/24,-0.067,0.06,0.15,0.283,0.771,1.077,1.355,1.469
2023/3/27,-0.067,0.066,0.154,0.293,0.776,1.096,1.373,1.503
2023/3/28,-0.062,0.077,0.164,0.307,0.747,1.049,1.292,1.411
2023/3/29,-0.072,0.077,0.154,0.302,0.705,0.997,1.241,1.344
2023/3/30,-0.078,0.085,0.185,0.318,0.724,1.015,1.255,1.348
2023/3/31,-0.059,0.085,0.209,0.323,0.764,1.03,1.273,1.352
2023/4/3,-0.04,0.117,0.249,0.367,0.813,1.089,1.332,1.406
2023/4/4,-0.025,0.146,0.274,0.411,0.85,1.124,1.377,1.454
2023/4/5,-0.03,0.155,0.293,0.466,0.877,1.127,1.373,1.461
2023/4/6,-0.045,0.146,0.283,0.466,0.872,1.11,1.341,1.442
2023/4/7,-0.06,0.146,0.283,0.456,0.849,1.077,1.317,1.403
2023/4/10,-0.045,0.15,0.292,0.46,0.852,1.081,1.332,1.423
2023/4/11,-0.045,0.131,0.274,0.451,0.844,1.082,1.334,1.423
2023/4/12,-0.045,0.155,0.284,0.46,0.85,1.091,1.33,1.413
2023/4/13,-0.05,0.155,0.284,0.456,0.836,1.068,1.304,1.387
2023/4/14,-0.04,0.151,0.284,0.456,0.842,1.082,1.312,1.399
2023/4/17,-0.035,0.165,0.318,0.48,0.875,1.115,1.342,1.427
2023/4/18,-0.041,0.165,0.313,0.471,0.863,1.105,1.342,1.431
2023/4/19,-0.041,0.165,0.313,0.471,0.859,1.096,1.326,1.424
2023/4/20,-0.041,0.165,0.308,0.471,0.863,1.115,1.352,1.443
2023/4/21,-0.036,0.157,0.289,0.461,0.842,1.117,1.343,1.431
2023/4/24,-0.041,0.156,0.283,0.465,0.858,1.127,1.361,1.45
2023/4/25,-0.036,0.161,0.289,0.476,0.85,1.112,1.347,1.441
2023/4/26,-0.041,0.146,0.259,0.456,0.817,1.082,1.324,1.411
2023/4/27,-0.039,0.146,0.259,0.456,0.817,1.085,1.341,1.427
2023/4/28,-0.044,0.101,0.21,0.392,0.743,0.998,1.246,1.336
2023/5/1,-0.044,0.105,0.22,0.401,0.761,1.022,1.277,1.376
2023/5/2,-0.035,0.121,0.23,0.417,0.775,1.035,1.29,1.383
2023/5/8,-0.035,0.115,0.21,0.41,0.761,1.031,1.277,1.368
2023/5/9,-0.03,0.125,0.233,0.422,0.775,1.045,1.286,1.377
2023/5/10,-0.04,0.115,0.224,0.411,0.761,1.031,1.277,1.368
2023/5/11,-0.045,0.105,0.194,0.387,0.725,0.993,1.233,1.329
2023/5/12,-0.055,0.1,0.185,0.383,0.738,1.012,1.262,1.352
2023/5/15,-0.051,0.111,0.209,0.407,0.752,1.026,1.277,1.368
2023/5/16,-0.056,0.106,0.199,0.392,0.742,1.012,1.255,1.352
2023/5/17,-0.066,0.091,0.17,0.362,0.705,0.97,1.223,1.332
2023/5/18,-0.061,0.095,0.195,0.382,0.719,0.984,1.246,1.348
2023/5/19,-0.061,0.1,0.215,0.402,0.728,0.998,1.255,1.364
2023/5/22,-0.067,0.091,0.199,0.382,0.709,0.975,1.236,1.336
2023/5/23,-0.061,0.095,0.215,0.397,0.728,0.996,1.25,1.344
2023/5/24,-0.067,0.1,0.219,0.407,0.742,1.012,1.268,1.36
2023/5/25,-0.067,0.116,0.234,0.427,0.774,1.035,1.29,1.379
2023/5/26,-0.067,0.1,0.224,0.416,0.768,1.017,1.263,1.396
2023/5/29,-0.062,0.095,0.24,0.436,0.783,1.035,1.277,1.408
2023/5/30,-0.062,0.095,0.23,0.432,0.775,1.021,1.264,1.396
2023/5/31,-0.059,0.081,0.224,0.431,0.766,1.021,1.273,1.402
2023/6/1,-0.064,0.077,0.214,0.416,0.756,1.021,1.277,1.412
2023/6/2,-0.075,0.07,0.204,0.412,0.756,1.026,1.286,1.425
2023/6/5,-0.065,0.089,0.23,0.432,0.779,1.04,1.286,1.429
2023/6/6,-0.065,0.081,0.214,0.421,0.765,1.021,1.273,1.412
2023/6/7,-0.06,0.076,0.204,0.417,0.747,1.015,1.268,1.412
2023/6/8,-0.06,0.085,0.224,0.437,0.771,1.031,1.286,1.432
2023/6/9,-0.065,0.081,0.214,0.432,0.766,1.021,1.277,1.421
2023/6/12,-0.071,0.076,0.21,0.426,0.766,1.026,1.282,1.421
2023/6/13,-0.076,0.07,0.194,0.417,0.747,1.012,1.259,1.392
2023/6/14,-0.071,0.081,0.21,0.426,0.752,1.016,1.259,1.378
2023/6/15,-0.066,0.085,0.214,0.426,0.748,1.011,1.255,1.371
2023/6/16,-0.066,0.076,0.194,0.402,0.729,0.998,1.25,1.367
2023/6/19,-0.066,0.076,0.184,0.392,0.719,0.984,1.237,1.359
2023/6/20,-0.066,0.076,0.18,0.386,0.705,0.975,1.223,1.35
2023/6/21,-0.072,0.07,0.169,0.372,0.705,0.979,1.223,1.35
2023/6/22,-0.072,0.066,0.163,0.372,0.713,0.984,1.237,1.367
2023/6/23,-0.077,0.055,0.158,0.368,0.705,0.975,1.232,1.363
2023/6/26,-0.082,0.047,0.14,0.352,0.686,0.951,1.205,1.338
2023/6/27,-0.077,0.055,0.154,0.372,0.705,0.966,1.21,1.338
2023/6/28,-0.067,0.066,0.175,0.387,0.719,0.975,1.223,1.354
2023/6/29,-0.078,0.061,0.17,0.382,0.712,0.97,1.228,1.359
2023/6/30,-0.074,0.055,0.18,0.397,0.742,1.003,1.259,1.396
2023/7/3,-0.065,0.059,0.185,0.402,0.742,1.003,1.259,1.396
2023/7/4,-0.07,0.055,0.17,0.372,0.719,0.989,1.25,1.396
2023/7/5,-0.07,0.051,0.19,0.38,0.72,0.975,1.224,1.375
2023/7/6,-0.06,0.065,0.21,0.405,0.738,0.989,1.228,1.367
2023/7/7,-0.04,0.095,0.249,0.434,0.78,1.03,1.265,1.4
2023/7/10,-0.03,0.125,0.298,0.463,0.831,1.086,1.308,1.437
2023/7/11,-0.04,0.095,0.278,0.449,0.817,1.063,1.291,1.425
2023/7/12,-0.035,0.136,0.318,0.474,0.854,1.095,1.321,1.449
2023/7/13,-0.035,0.126,0.298,0.463,0.85,1.081,1.329,1.465
2023/7/14,-0.04,0.126,0.324,0.474,0.863,1.117,1.364,1.498
2023/7/18,-0.035,0.13,0.318,0.478,0.877,1.136,1.393,1.534
2023/7/19,-0.041,0.11,0.278,0.458,0.845,1.105,1.359,1.502
2023/7/20,-0.041,0.106,0.277,0.457,0.835,1.091,1.338,1.478
2023/7/21,-0.03,0.12,0.283,0.474,0.84,1.103,1.338,1.473
2023/7/24,-0.041,0.1,0.248,0.454,0.794,1.058,1.302,1.441
2023/7/25,-0.041,0.1,0.249,0.458,0.802,1.068,1.321,1.461
2023/7/26,-0.041,0.091,0.229,0.443,0.784,1.049,1.299,1.448
2023/7/27,-0.041,0.091,0.229,0.435,0.771,1.045,1.291,1.437
2023/7/28,-0.014,0.151,0.328,0.542,0.856,1.123,1.354,1.494
2023/7/31,0.0001,0.176,0.387,0.595,0.946,1.218,1.456,1.589
2023/8/1,0.0001,0.169,0.362,0.585,0.955,1.24,1.489,1.625
2023/8/2,0.01,0.186,0.391,0.619,0.982,1.263,1.502,1.648
2023/8/3,0.02,0.211,0.436,0.643,1.027,1.293,1.53,1.675
2023/8/4,0.02,0.211,0.43,0.633,1.032,1.312,1.551,1.706
2023/8/7,0.015,0.201,0.406,0.614,1.023,1.298,1.538,1.687
2023/8/8,0.01,0.19,0.396,0.599,0.996,1.267,1.497,1.644
2023/8/9,0.005,0.17,0.356,0.561,0.941,1.213,1.456,1.597
2023/8/10,0.01,0.184,0.376,0.58,0.968,1.245,1.493,1.643
2023/8/14,0.015,0.201,0.41,0.609,1,1.285,1.53,1.675
2023/8/15,0.015,0.195,0.411,0.619,1.009,1.298,1.534,1.675
2023/8/16,0.015,0.206,0.406,0.619,1,1.28,1.518,1.66
2023/8/17,0.025,0.22,0.435,0.643,1.045,1.338,1.575,1.71
2023/8/18,0.02,0.21,0.41,0.619,1.018,1.32,1.563,1.698
2023/8/21,0.025,0.224,0.431,0.642,1.041,1.351,1.583,1.721
2023/8/22,0.02,0.235,0.436,0.657,1.058,1.369,1.595,1.729
2023/8/23,0.02,0.241,0.436,0.666,1.074,1.381,1.607,1.74
2023/8/24,0.005,0.22,0.401,0.638,1.045,1.347,1.579,1.706
2023/8/25,0.005,0.231,0.411,0.648,1.05,1.351,1.587,1.711
2023/8/28,0.005,0.231,0.412,0.652,1.054,1.356,1.591,1.714
2023/8/29,0.01,0.225,0.39,0.633,1.032,1.333,1.579,1.706
2023/8/30,0.03,0.231,0.402,0.643,1.045,1.351,1.591,1.717
2023/8/31,0.025,0.22,0.396,0.638,1.046,1.351,1.595,1.725
2023/9/1,0.02,0.206,0.377,0.619,1.014,1.316,1.567,1.702
2023/9/4,0.015,0.216,0.392,0.634,1.027,1.334,1.579,1.721
2023/9/5,0.015,0.225,0.411,0.648,1.041,1.347,1.583,1.725
2023/9/6,0.015,0.225,0.401,0.643,1.032,1.343,1.571,1.71
2023/9/7,0.01,0.221,0.403,0.648,1.04,1.36,1.579,1.714
2023/9/8,0.005,0.216,0.391,0.638,1.04,1.364,1.591,1.725
2023/9/11,0.04,0.28,0.46,0.695,1.099,1.417,1.628,1.76
2023/9/12,0.03,0.269,0.46,0.695,1.108,1.421,1.635,1.76
2023/9/13,0.025,0.276,0.46,0.695,1.099,1.399,1.603,1.725
2023/9/14,0.025,0.276,0.455,0.696,1.091,1.395,1.599,1.714
2023/9/15,0.025,0.27,0.447,0.696,1.086,1.391,1.595,1.718
2023/9/19,0.03,0.28,0.464,0.706,1.103,1.413,1.619,1.741
2023/9/20,0.02,0.28,0.46,0.71,1.104,1.413,1.615,1.741
2023/9/21,0.03,0.306,0.484,0.734,1.121,1.417,1.607,1.721
2023/9/22,0.03,0.3,0.484,0.73,1.117,1.417,1.611,1.733
2023/9/25,0.025,0.291,0.469,0.715,1.108,1.413,1.611,1.733
2023/9/26,0.025,0.291,0.487,0.729,1.113,1.417,1.62,1.733
2023/9/27,0.025,0.287,0.485,0.725,1.108,1.421,1.628,1.737
2023/9/28,0.03,0.304,0.504,0.743,1.121,1.43,1.635,1.744
2023/9/29,0.045,0.314,0.517,0.753,1.144,1.443,1.648,1.76
2023/10/2,0.055,0.329,0.528,0.758,1.161,1.469,1.672,1.786
2023/10/3,0.05,0.321,0.518,0.747,1.157,1.474,1.675,1.79
2023/10/4,0.06,0.34,0.6,0.805,1.234,1.521,1.711,1.823
2023/10/5,0.06,0.325,0.58,0.8,1.23,1.534,1.739,1.838
2023/10/6,0.06,0.33,0.57,0.798,1.227,1.534,1.749,1.853
2023/10/10,0.055,0.306,0.538,0.771,1.202,1.512,1.736,1.85
2023/10/11,0.055,0.3,0.528,0.771,1.19,1.499,1.715,1.831
2023/10/12,0.045,0.31,0.498,0.751,1.16,1.461,1.681,1.793
2023/10/13,0.04,0.316,0.517,0.76,1.172,1.473,1.697,1.811
2023/10/16,0.04,0.31,0.509,0.751,1.172,1.481,1.715,1.827
2023/10/17,0.056,0.32,0.528,0.781,1.203,1.521,1.753,1.868
2023/10/18,0.066,0.345,0.557,0.805,1.234,1.566,1.766,1.875
2023/10/19,0.076,0.365,0.596,0.838,1.273,1.602,1.799,1.897
2023/10/20,0.071,0.359,0.59,0.834,1.273,1.611,1.816,1.91
2023/10/23,0.082,0.369,0.61,0.858,1.309,1.655,1.867,1.959
2023/10/24,0.077,0.355,0.581,0.838,1.288,1.628,1.846,1.945
2023/10/25,0.072,0.355,0.586,0.848,1.288,1.615,1.825,1.923
2023/10/26,0.087,0.384,0.629,0.877,1.319,1.646,1.842,1.937
2023/10/27,0.088,0.376,0.615,0.867,1.315,1.641,1.829,1.923
2023/10/30,0.104,0.399,0.633,0.886,1.332,1.659,1.846,1.93
2023/10/31,0.15,0.463,0.686,0.943,1.376,1.694,1.863,1.934
2023/11/1,0.155,0.478,0.691,0.949,1.377,1.702,1.879,1.95
2023/11/2,0.135,0.449,0.653,0.911,1.34,1.667,1.85,1.93
2023/11/6,0.125,0.42,0.619,0.867,1.295,1.615,1.813,1.894
2023/11/7,0.125,0.428,0.629,0.873,1.295,1.61,1.808,1.894
2023/11/8,0.115,0.41,0.6,0.843,1.253,1.571,1.77,1.857
2023/11/9,0.105,0.399,0.591,0.833,1.217,1.53,1.723,1.811
2023/11/13,0.1,0.425,0.629,0.867,1.266,1.571,1.77,1.849
2023/11/14,0.089,0.4,0.608,0.848,1.246,1.558,1.761,1.846
2023/11/15,0.064,0.356,0.547,0.795,1.193,1.504,1.714,1.805
2023/11/16,0.054,0.356,0.543,0.786,1.193,1.513,1.728,1.815
2023/11/17,0.043,0.316,0.503,0.752,1.156,1.477,1.692,1.78
2023/11/20,0.043,0.306,0.494,0.742,1.14,1.464,1.684,1.767
2023/11/21,0.033,0.272,0.449,0.697,1.085,1.405,1.62,1.706
2023/11/22,0.048,0.31,0.475,0.728,1.131,1.455,1.667,1.76
2023/11/24,0.063,0.351,0.509,0.77,1.176,1.491,1.697,1.783
2023/11/27,0.063,0.345,0.508,0.771,1.185,1.504,1.715,1.805
2023/11/28,0.058,0.322,0.493,0.752,1.171,1.5,1.718,1.815
2023/11/29,0.042,0.261,0.421,0.679,1.096,1.428,1.654,1.775
2023/11/30,0.027,0.257,0.434,0.674,1.1,1.437,1.68,1.794
2023/12/1,0.04,0.265,0.45,0.703,1.118,1.441,1.68,1.793
2023/12/4,0.03,0.255,0.43,0.694,1.122,1.446,1.685,1.798
2023/12/5,0.035,0.257,0.411,0.668,1.108,1.437,1.68,1.79
2023/12/6,0.035,0.246,0.397,0.65,1.066,1.387,1.623,1.729
2023/12/7,0.085,0.34,0.493,0.752,1.168,1.491,1.706,1.797
2023/12/8,0.09,0.355,0.508,0.77,1.205,1.535,1.758,1.841
2023/12/11,0.086,0.355,0.513,0.776,1.204,1.535,1.761,1.85
2023/12/12,0.065,0.311,0.49,0.737,1.163,1.5,1.736,1.83
2023/12/13,0.045,0.266,0.431,0.688,1.109,1.432,1.667,1.76
2023/12/14,0.055,0.277,0.419,0.673,1.087,1.413,1.639,1.736
2023/12/15,0.086,0.311,0.458,0.708,1.11,1.432,1.65,1.741
2023/12/18,0.076,0.281,0.426,0.669,1.086,1.41,1.633,1.729
2023/12/19,0.066,0.266,0.401,0.644,1.054,1.369,1.589,1.676
2023/12/20,0.03,0.201,0.322,0.561,0.953,1.277,1.518,1.613
2023/12/21,0.035,0.222,0.353,0.59,0.986,1.304,1.554,1.649
2023/12/22,0.046,0.247,0.382,0.63,1.047,1.369,1.615,1.71
2023/12/25,0.036,0.232,0.367,0.615,1.044,1.364,1.611,1.706
2023/12/26,0.041,0.242,0.38,0.634,1.064,1.383,1.624,1.721
2023/12/27,0.054,0.206,0.348,0.6,1.032,1.346,1.585,1.687
2023/12/28,0.039,0.191,0.327,0.59,1.032,1.36,1.625,1.736
2023/12/29,0.049,0.216,0.357,0.62,1.059,1.391,1.658,1.771
2024/1/4,0.049,0.212,0.377,0.62,1.08,1.387,1.663,1.779
2024/1/5,0.034,0.197,0.367,0.605,1.063,1.369,1.637,1.752
2024/1/9,0.024,0.186,0.357,0.586,1.04,1.35,1.624,1.741
2024/1/10,0.024,0.192,0.362,0.589,1.035,1.346,1.615,1.729
2024/1/11,0.013,0.181,0.342,0.6,1.018,1.328,1.611,1.725
2024/1/12,0.003,0.177,0.328,0.585,1.009,1.323,1.602,1.725
2024/1/15,-0.001,0.157,0.303,0.556,0.977,1.291,1.578,1.695
2024/1/16,0.018,0.176,0.337,0.589,1.004,1.314,1.595,1.714
2024/1/17,0.023,0.206,0.347,0.605,1.018,1.323,1.617,1.745
2024/1/18,0.033,0.245,0.397,0.648,1.085,1.401,1.697,1.824
2024/1/19,0.028,0.251,0.399,0.663,1.112,1.45,1.743,1.879
2024/1/22,0.022,0.241,0.38,0.648,1.092,1.434,1.738,1.876
2024/1/23,0.022,0.234,0.372,0.634,1.067,1.408,1.71,1.839
2024/1/24,0.068,0.311,0.454,0.712,1.153,1.487,1.772,1.905
2024/1/25,0.063,0.325,0.474,0.74,1.196,1.526,1.792,1.92
2024/1/26,0.048,0.294,0.435,0.712,1.157,1.5,1.78,1.901
2024/1/29,0.058,0.301,0.444,0.716,1.172,1.517,1.796,1.909
2024/1/30,0.053,0.284,0.426,0.702,1.151,1.491,1.772,1.883
2024/1/31,0.094,0.305,0.445,0.726,1.173,1.509,1.788,1.898
2024/2/1,0.084,0.28,0.406,0.688,1.134,1.469,1.755,1.872
2024/2/2,0.1,0.276,0.38,0.654,1.095,1.434,1.721,1.835
2024/2/5,0.11,0.315,0.44,0.712,1.148,1.483,1.759,1.872
2024/2/6,0.105,0.309,0.434,0.712,1.145,1.478,1.751,1.872
2024/2/7,0.1,0.309,0.431,0.7,1.131,1.461,1.739,1.854
2024/2/8,0.1,0.299,0.421,0.692,1.121,1.452,1.739,1.846
2024/2/9,0.115,0.32,0.446,0.716,1.152,1.483,1.755,1.857
2024/2/13,0.125,0.335,0.445,0.721,1.152,1.483,1.759,1.861
2024/2/14,0.14,0.36,0.483,0.75,1.17,1.5,1.772,1.876
2024/2/15,0.135,0.331,0.45,0.721,1.157,1.496,1.768,1.876
2024/2/16,0.14,0.345,0.455,0.721,1.152,1.483,1.748,1.85
2024/2/19,0.146,0.35,0.454,0.721,1.153,1.483,1.746,1.843
2024/2/20,0.146,0.356,0.46,0.725,1.143,1.465,1.722,1.817
2024/2/21,0.151,0.356,0.459,0.717,1.13,1.451,1.706,1.798
2024/2/22,0.156,0.356,0.455,0.711,1.114,1.434,1.697,1.797
2024/2/26,0.157,0.339,0.429,0.683,1.086,1.403,1.664,1.768
2024/2/27,0.167,0.346,0.435,0.687,1.09,1.412,1.672,1.775
2024/2/28,0.162,0.346,0.44,0.692,1.103,1.43,1.706,1.805
2024/2/29,0.178,0.365,0.454,0.706,1.113,1.443,1.73,1.835
2024/3/1,0.179,0.371,0.45,0.711,1.108,1.434,1.718,1.824
2024/3/4,0.174,0.365,0.44,0.706,1.117,1.448,1.739,1.847
2024/3/5,0.174,0.354,0.43,0.696,1.108,1.439,1.734,1.847
2024/3/6,0.184,0.369,0.44,0.706,1.113,1.439,1.726,1.843
2024/3/7,0.189,0.38,0.46,0.721,1.13,1.456,1.734,1.856
2024/3/8,0.2,0.38,0.46,0.726,1.143,1.474,1.754,1.872
2024/3/11,0.2,0.376,0.475,0.755,1.178,1.511,1.78,1.898
2024/3/12,0.194,0.369,0.484,0.76,1.182,1.509,1.784,1.906
2024/3/13,0.194,0.37,0.48,0.75,1.167,1.496,1.772,1.891
2024/3/14,0.194,0.37,0.503,0.769,1.188,1.522,1.797,1.913
2024/3/15,0.189,0.38,0.514,0.778,1.197,1.531,1.809,1.927
2024/3/18,0.184,0.37,0.488,0.75,1.17,1.5,1.776,1.898
2024/3/19,0.174,0.357,0.47,0.721,1.143,1.474,1.768,1.894
2024/3/21,0.2,0.382,0.495,0.736,1.152,1.478,1.768,1.894
2024/3/22,0.2,0.391,0.494,0.736,1.152,1.478,1.772,1.905
2024/3/25,0.2,0.38,0.484,0.726,1.143,1.478,1.779,1.917
2024/3/26,0.2,0.376,0.489,0.731,1.148,1.482,1.776,1.913
2024/3/27,0.194,0.361,0.47,0.711,1.126,1.459,1.751,1.891
2024/3/28,0.189,0.346,0.455,0.702,1.103,1.443,1.739,1.872
2024/3/29,0.179,0.35,0.47,0.721,1.127,1.469,1.776,1.909
2024/4/1,0.194,0.365,0.484,0.735,1.148,1.495,1.792,1.927
2024/4/2,0.2,0.372,0.494,0.741,1.157,1.514,1.809,1.949
2024/4/3,0.189,0.361,0.495,0.766,1.157,1.505,1.801,1.946
2024/4/4,0.194,0.372,0.504,0.775,1.166,1.513,1.801,1.946
2024/4/5,0.21,0.38,0.499,0.766,1.157,1.505,1.804,1.935
2024/4/8,0.225,0.387,0.518,0.786,1.171,1.522,1.821,1.95
2024/4/9,0.22,0.387,0.513,0.781,1.166,1.518,1.833,1.96
2024/4/10,0.23,0.426,0.533,0.795,1.187,1.54,1.854,1.982
2024/4/11,0.266,0.479,0.585,0.848,1.262,1.605,1.904,2.031
2024/4/12,0.276,0.49,0.605,0.857,1.272,1.631,1.892,2.021
2024/4/15,0.271,0.48,0.601,0.857,1.268,1.631,1.892,2.024
2024/4/16,0.276,0.484,0.606,0.863,1.267,1.64,1.904,2.039
2024/4/17,0.282,0.49,0.624,0.882,1.289,1.657,1.917,2.05
2024/4/18,0.271,0.469,0.596,0.863,1.263,1.622,1.892,2.028
2024/4/19,0.256,0.451,0.572,0.829,1.233,1.591,1.867,2
2024/4/22,0.282,0.49,0.619,0.877,1.276,1.638,1.904,2.037
2024/4/23,0.287,0.49,0.619,0.877,1.289,1.653,1.925,2.064
2024/4/24,0.3,0.49,0.62,0.882,1.29,1.649,1.925,2.068
2024/4/25,0.3,0.495,0.624,0.886,1.298,1.653,1.925,2.063
2024/4/26,0.3,0.505,0.644,0.915,1.333,1.675,1.933,2.071
2024/4/30,0.274,0.47,0.591,0.867,1.29,1.64,1.908,2.043
2024/5/1,0.289,0.485,0.61,0.886,1.302,1.662,1.937,2.071
2024/5/2,0.289,0.485,0.615,0.896,1.311,1.675,1.949,2.088
2024/5/7,0.279,0.47,0.581,0.867,1.285,1.653,1.941,2.086
2024/5/8,0.284,0.481,0.591,0.873,1.289,1.649,1.933,2.082
2024/5/9,0.31,0.514,0.62,0.901,1.32,1.671,1.941,2.092
2024/5/10,0.315,0.518,0.621,0.901,1.328,1.684,1.962,2.11
2024/5/13,0.33,0.54,0.653,0.929,1.362,1.722,1.986,2.134
2024/5/14,0.34,0.554,0.663,0.952,1.38,1.745,2.006,2.162
2024/5/15,0.335,0.551,0.659,0.944,1.367,1.736,2.006,2.165
2024/5/16,0.32,0.53,0.624,0.916,1.342,1.71,1.989,2.159
2024/5/17,0.33,0.547,0.644,0.939,1.368,1.736,2.007,2.179
2024/5/20,0.341,0.576,0.677,0.968,1.389,1.758,2.03,2.2
2024/5/21,0.341,0.576,0.677,0.973,1.393,1.767,2.035,2.2
2024/5/22,0.346,0.585,0.687,0.987,1.415,1.801,2.08,2.241
2024/5/23,0.336,0.581,0.676,0.991,1.444,1.818,2.096,2.307
2024/5/24,0.336,0.585,0.692,0.997,1.444,1.826,2.099,2.295
2024/5/27,0.346,0.595,0.7,1.011,1.453,1.827,2.103,2.295
2024/5/28,0.346,0.591,0.7,1.025,1.449,1.823,2.115,2.304
2024/5/29,0.378,0.631,0.739,1.062,1.487,1.849,2.143,2.334
2024/5/30,0.383,0.629,0.735,1.044,1.478,1.832,2.127,2.319
2024/5/31,0.4,0.635,0.755,1.058,1.495,1.84,2.151,2.339
2024/6/3,0.4,0.629,0.741,1.048,1.487,1.844,2.163,2.366
2024/6/4,0.384,0.6,0.707,1.02,1.466,1.83,2.143,2.346
2024/6/5,0.354,0.566,0.673,0.992,1.433,1.805,2.107,2.307
2024/6/6,0.334,0.54,0.639,0.949,1.373,1.736,2.035,2.228
2024/6/7,0.349,0.551,0.653,0.963,1.39,1.75,2.039,2.231
2024/6/10,0.379,0.597,0.707,1.02,1.454,1.809,2.114,2.307
2024/6/11,0.369,0.591,0.702,1.011,1.441,1.798,2.106,2.303
2024/6/12,0.338,0.557,0.669,0.977,1.412,1.771,2.079,2.275
2024/6/13,0.328,0.546,0.653,0.959,1.396,1.749,2.058,2.24
2024/6/14,0.297,0.517,0.61,0.925,1.37,1.719,2.039,2.22
2024/6/17,0.287,0.506,0.596,0.92,1.383,1.741,2.063,2.263
2024/6/18,0.281,0.512,0.611,0.935,1.401,1.763,2.084,2.283
2024/6/19,0.281,0.506,0.605,0.925,1.384,1.745,2.066,2.263
2024/6/20,0.286,0.512,0.621,0.944,1.401,1.757,2.063,2.251
2024/6/21,0.307,0.54,0.64,0.968,1.423,1.78,2.083,2.267
2024/6/24,0.301,0.54,0.648,0.978,1.449,1.797,2.106,2.291
2024/6/25,0.301,0.544,0.658,0.987,1.454,1.81,2.119,2.303
2024/6/26,0.306,0.551,0.678,1.01,1.48,1.836,2.154,2.342
2024/6/27,0.347,0.594,0.731,1.058,1.517,1.866,2.187,2.374
2024/6/28,0.354,0.579,0.716,1.029,1.479,1.832,2.151,2.341
2024/7/1,0.359,0.59,0.735,1.048,1.504,1.857,2.159,2.342
2024/7/2,0.364,0.605,0.759,1.072,1.529,1.879,2.171,2.346
2024/7/3,0.349,0.59,0.748,1.095,1.534,1.892,2.182,2.358
2024/7/4,0.339,0.575,0.727,1.081,1.526,1.891,2.182,2.358
2024/7/5,0.344,0.575,0.768,1.067,1.562,1.887,2.2,2.374
2024/7/8,0.359,0.59,0.786,1.086,1.572,1.891,2.2,2.38
2024/7/9,0.349,0.571,0.769,1.072,1.568,1.895,2.204,2.393
2024/7/10,0.338,0.6,0.778,1.086,1.58,1.908,2.22,2.408
2024/7/11,0.338,0.606,0.777,1.081,1.58,1.896,2.22,2.412
2024/7/12,0.328,0.581,0.743,1.047,1.534,1.869,2.176,2.381
2024/7/16,0.312,0.56,0.725,1.023,1.518,1.856,2.167,2.37
2024/7/17,0.323,0.571,0.739,1.033,1.521,1.856,2.171,2.37
2024/7/18,0.338,0.585,0.748,1.038,1.522,1.847,2.158,2.354
2024/7/19,0.343,0.591,0.758,1.043,1.518,1.838,2.146,2.338
2024/7/22,0.337,0.591,0.757,1.053,1.534,1.86,2.175,2.37
2024/7/23,0.353,0.6,0.772,1.062,1.543,1.86,2.179,2.377
2024/7/24,0.368,0.616,0.782,1.072,1.548,1.864,2.195,2.404
2024/7/25,0.394,0.631,0.792,1.066,1.535,1.843,2.167,2.374
2024/7/26,0.394,0.624,0.782,1.057,1.514,1.83,2.153,2.361
2024/7/29,0.394,0.6,0.753,1.028,1.489,1.808,2.129,2.339
2024/7/30,0.374,0.585,0.73,0.999,1.469,1.794,2.129,2.35
2024/7/31,0.45,0.664,0.795,1.057,1.518,1.838,2.175,2.385
2024/8/1,0.46,0.652,0.773,1.033,1.485,1.802,2.15,2.35
2024/8/2,0.41,0.577,0.691,0.961,1.422,1.741,2.096,2.291
2024/8/5,0.263,0.363,0.47,0.766,1.248,1.569,1.954,2.147
2024/8/6,0.288,0.427,0.583,0.893,1.38,1.727,2.117,2.307
2024/8/7,0.268,0.413,0.579,0.883,1.396,1.758,2.187,2.389
2024/8/8,0.268,0.402,0.541,0.839,1.338,1.695,2.104,2.295
2024/8/9,0.298,0.437,0.566,0.864,1.355,1.714,2.079,2.264
2024/8/13,0.297,0.437,0.548,0.849,1.343,1.705,2.079,2.271
2024/8/14,0.292,0.422,0.528,0.815,1.308,1.664,2.049,2.244
2024/8/15,0.318,0.445,0.553,0.843,1.322,1.673,2.049,2.244
2024/8/16,0.353,0.489,0.594,0.878,1.364,1.709,2.066,2.263
2024/8/19,0.369,0.504,0.605,0.893,1.39,1.74,2.091,2.291
2024/8/20,0.358,0.494,0.601,0.893,1.398,1.749,2.116,2.315
2024/8/21,0.348,0.475,0.582,0.874,1.379,1.723,2.099,2.307
2024/8/22,0.358,0.486,0.589,0.878,1.372,1.709,2.083,2.287
2024/8/23,0.368,0.5,0.614,0.898,1.386,1.723,2.084,2.287
2024/8/26,0.358,0.49,0.6,0.887,1.372,1.714,2.09,2.298
2024/8/27,0.363,0.494,0.6,0.883,1.369,1.704,2.074,2.283
2024/8/28,0.373,0.505,0.615,0.898,1.377,1.709,2.07,2.28
2024/8/29,0.358,0.494,0.605,0.892,1.385,1.727,2.095,2.303
2024/8/30,0.364,0.494,0.608,0.898,1.391,1.731,2.108,2.327
2024/9/2,0.369,0.509,0.621,0.912,1.406,1.745,2.121,2.346
2024/9/3,0.389,0.529,0.637,0.927,1.414,1.745,2.112,2.335
2024/9/4,0.374,0.505,0.6,0.892,1.382,1.717,2.087,2.311
2024/9/5,0.374,0.499,0.586,0.878,1.369,1.705,2.066,2.287
2024/9/6,0.379,0.493,0.565,0.854,1.347,1.681,2.041,2.256
2024/9/9,0.394,0.514,0.606,0.897,1.381,1.713,2.073,2.283
2024/9/10,0.394,0.518,0.605,0.898,1.385,1.723,2.087,2.299
2024/9/11,0.379,0.491,0.562,0.859,1.351,1.691,2.074,2.295
2024/9/12,0.389,0.506,0.58,0.868,1.364,1.696,2.07,2.299
2024/9/13,0.389,0.495,0.565,0.849,1.339,1.664,2.041,2.271
2024/9/17,0.384,0.487,0.553,0.834,1.326,1.65,2.015,2.244
2024/9/18,0.374,0.476,0.553,0.83,1.331,1.664,2.019,2.244
2024/9/19,0.384,0.491,0.575,0.858,1.367,1.709,2.079,2.311
2024/9/20,0.389,0.506,0.59,0.869,1.371,1.718,2.1,2.342
2024/9/24,0.342,0.457,0.532,0.815,1.327,1.677,2.079,2.323
2024/9/25,0.348,0.461,0.542,0.82,1.318,1.659,2.057,2.299
2024/9/26,0.342,0.461,0.553,0.839,1.343,1.691,2.096,2.342
2024/9/27,0.316,0.435,0.522,0.815,1.331,1.69,2.116,2.361
2024/9/30,0.384,0.495,0.576,0.859,1.352,1.691,2.087,2.331
2024/10/1,0.389,0.495,0.57,0.859,1.348,1.691,2.09,2.331
2024/10/2,0.364,0.476,0.542,0.825,1.323,1.668,2.083,2.327
2024/10/3,0.364,0.476,0.57,0.83,1.347,1.673,2.096,2.339
2024/10/4,0.369,0.491,0.595,0.881,1.359,1.682,2.095,2.335
2024/10/7,0.405,0.54,0.639,0.92,1.404,1.722,2.125,2.366
2024/10/8,0.4,0.541,0.639,0.92,1.406,1.726,2.121,2.369
2024/10/9,0.4,0.545,0.648,0.929,1.422,1.741,2.141,2.393
2024/10/10,0.41,0.56,0.673,0.952,1.447,1.767,2.17,2.431
2024/10/11,0.41,0.575,0.663,0.943,1.431,1.754,2.153,2.42
2024/10/15,0.42,0.591,0.686,0.967,1.447,1.767,2.154,2.42
2024/10/16,0.42,0.577,0.662,0.948,1.434,1.754,2.144,2.408
2024/10/17,0.43,0.585,0.676,0.958,1.435,1.754,2.129,2.382
2024/10/18,0.436,0.585,0.686,0.962,1.448,1.767,2.137,2.385
2024/10/21,0.431,0.577,0.672,0.951,1.443,1.767,2.154,2.405
2024/10/22,0.451,0.595,0.7,0.972,1.46,1.789,2.186,2.447
2024/10/23,0.446,0.591,0.696,0.972,1.463,1.794,2.186,2.447
2024/10/24,0.446,0.581,0.673,0.953,1.447,1.785,2.182,2.439
2024/10/25,0.446,0.577,0.663,0.943,1.439,1.782,2.157,2.409
2024/10/28,0.457,0.591,0.683,0.967,1.46,1.809,2.194,2.447
2024/10/29,0.447,0.595,0.681,0.967,1.465,1.804,2.186,2.451
2024/10/30,0.444,0.581,0.667,0.948,1.452,1.8,2.198,2.47
2024/10/31,0.434,0.566,0.652,0.933,1.427,1.778,2.186,2.47
2024/11/1,0.464,0.581,0.659,0.939,1.431,1.778,2.186,2.474
2024/11/5,0.454,0.57,0.648,0.929,1.423,1.778,2.19,2.478
2024/11/6,0.479,0.61,0.692,0.977,1.461,1.809,2.203,2.482
2024/11/7,0.5,0.639,0.72,1.001,1.481,1.83,2.223,2.501
2024/11/8,0.5,0.639,0.716,0.996,1.478,1.826,2.215,2.482
2024/11/11,0.5,0.639,0.709,0.991,1.473,1.83,2.219,2.482
2024/11/12,0.5,0.65,0.72,1.001,1.489,1.839,2.231,2.493
2024/11/13,0.525,0.683,0.763,1.034,1.518,1.861,2.243,2.516
2024/11/14,0.53,0.69,0.774,1.051,1.536,1.878,2.263,2.55
2024/11/15,0.551,0.705,0.792,1.062,1.539,1.874,2.26,2.55
2024/11/18,0.551,0.7,0.791,1.063,1.544,1.883,2.263,2.554
2024/11/19,0.551,0.706,0.787,1.057,1.531,1.878,2.251,2.543
2024/11/20,0.551,0.71,0.787,1.057,1.531,1.874,2.252,2.535
2024/11/21,0.577,0.744,0.816,1.087,1.548,1.888,2.247,2.524
2024/11/22,0.588,0.74,0.806,1.071,1.536,1.878,2.252,2.52
2024/11/25,0.588,0.735,0.792,1.063,1.528,1.87,2.252,2.521
2024/11/26,0.588,0.729,0.785,1.053,1.511,1.857,2.247,2.516
2024/11/27,0.593,0.736,0.797,1.062,1.528,1.878,2.268,2.55
2024/11/28,0.578,0.721,0.778,1.044,1.514,1.861,2.255,2.557
2024/11/29,0.589,0.721,0.773,1.043,1.499,1.844,2.246,2.539
2024/12/2,0.62,0.744,0.797,1.068,1.527,1.861,2.251,2.539
2024/12/3,0.61,0.74,0.792,1.068,1.523,1.861,2.255,2.542
2024/12/4,0.584,0.71,0.766,1.044,1.507,1.848,2.243,2.542
2024/12/5,0.6,0.729,0.782,1.058,1.52,1.861,2.251,2.558
2024/12/6,0.589,0.721,0.771,1.044,1.506,1.848,2.231,2.539
2024/12/9,0.574,0.71,0.758,1.029,1.492,1.835,2.223,2.534
2024/12/10,0.584,0.723,0.773,1.053,1.509,1.852,2.227,2.531
2024/12/11,0.589,0.729,0.783,1.058,1.507,1.852,2.225,2.519
2024/12/12,0.579,0.71,0.774,1.039,1.491,1.839,2.211,2.501
2024/12/13,0.564,0.691,0.762,1.029,1.486,1.835,2.215,2.52
2024/12/16,0.584,0.714,0.787,1.057,1.515,1.87,2.247,2.547
2024/12/17,0.594,0.729,0.801,1.067,1.523,1.874,2.258,2.56
2024/12/18,0.589,0.714,0.786,1.053,1.515,1.861,2.235,2.539
2024/12/19,0.605,0.74,0.81,1.072,1.523,1.866,2.239,2.543
2024/12/20,0.574,0.7,0.773,1.043,1.506,1.84,2.223,2.531
2024/12/23,0.584,0.715,0.787,1.053,1.518,1.856,2.231,2.535
2024/12/24,0.584,0.721,0.797,1.058,1.514,1.848,2.223,2.516
2024/12/25,0.584,0.715,0.795,1.058,1.511,1.844,2.215,2.508
2024/12/26,0.594,0.736,0.826,1.076,1.524,1.857,2.227,2.508
2024/12/27,0.605,0.749,0.835,1.091,1.544,1.882,2.255,2.531
2024/12/30,0.6,0.734,0.83,1.082,1.533,1.874,2.247,2.527
2025/1/6,0.625,0.78,0.863,1.114,1.561,1.898,2.268,2.554
2025/1/7,0.63,0.784,0.863,1.114,1.566,1.9,2.271,2.569
2025/1/8,0.645,0.808,0.902,1.176,1.595,1.934,2.288,2.588
2025/1/9,0.64,0.804,0.897,1.172,1.59,1.918,2.28,2.588
2025/1/10,0.645,0.819,0.921,1.195,1.618,1.944,2.3,2.606
2025/1/14,0.682,0.852,0.964,1.238,1.656,1.978,2.328,2.629
2025/1/15,0.702,0.891,0.969,1.248,1.669,1.986,2.345,2.651
2025/1/16,0.692,0.866,0.929,1.2,1.624,1.931,2.315,2.64
2025/1/17,0.687,0.862,0.929,1.2,1.607,1.921,2.287,2.614
2025/1/20,0.677,0.852,0.924,1.191,1.594,1.908,2.271,2.595
2025/1/21,0.672,0.847,0.92,1.186,1.59,1.908,2.263,2.573
2025/1/22,0.693,0.87,0.934,1.195,1.59,1.899,2.258,2.558
2025/1/23,0.698,0.877,0.943,1.205,1.597,1.908,2.267,2.554
2025/1/24,0.714,0.906,0.969,1.229,1.607,1.916,2.275,2.554
2025/1/27,0.699,0.885,0.949,1.215,1.595,1.912,2.267,2.543
2025/1/28,0.689,0.862,0.92,1.191,1.575,1.899,2.248,2.524
2025/1/29,0.699,0.866,0.925,1.191,1.574,1.89,2.242,2.512
2025/1/30,0.71,0.881,0.94,1.209,1.595,1.912,2.271,2.542
2025/1/31,0.72,0.906,0.968,1.238,1.632,1.947,2.287,2.554
2025/2/3,0.72,0.895,0.964,1.242,1.643,1.96,2.3,2.565
2025/2/4,0.74,0.925,0.994,1.27,1.669,1.986,2.32,2.573
2025/2/5,0.755,0.939,1.005,1.276,1.674,1.991,2.32,2.573
2025/2/6,0.76,0.935,1.008,1.257,1.662,1.952,2.267,2.512
2025/2/7,0.796,0.984,1.052,1.295,1.694,1.974,2.287,2.535
2025/2/10,0.797,0.984,1.059,1.305,1.706,1.978,2.292,2.539
2025/2/12,0.797,0.999,1.083,1.332,1.726,1.995,2.3,2.543
2025/2/13,0.792,0.999,1.092,1.342,1.742,2.013,2.316,2.554
2025/2/14,0.792,1.003,1.093,1.342,1.74,2.004,2.308,2.539
2025/2/17,0.808,1.051,1.126,1.375,1.751,2.004,2.304,2.535
2025/2/18,0.824,1.085,1.17,1.417,1.788,2.056,2.333,2.553
2025/2/19,0.819,1.074,1.168,1.417,1.793,2.056,2.324,2.539
2025/2/20,0.819,1.078,1.173,1.426,1.787,2.043,2.32,2.524
2025/2/21,0.814,1.055,1.144,1.411,1.786,2.048,2.333,2.531
2025/2/25,0.799,1.029,1.103,1.37,1.768,2.03,2.316,2.516
2025/2/26,0.799,1.014,1.095,1.356,1.752,2.02,2.316,2.527
2025/2/27,0.809,1.036,1.115,1.38,1.772,2.035,2.335,2.558
2025/2/28,0.805,1,1.087,1.36,1.752,2.025,2.345,2.591
2025/3/3,0.825,1.04,1.125,1.393,1.781,2.043,2.349,2.588
2025/3/4,0.83,1.06,1.139,1.408,1.799,2.056,2.356,2.588
2025/3/5,0.83,1.068,1.153,1.427,1.827,2.091,2.386,2.622
2025/3/6,0.85,1.122,1.224,1.496,1.899,2.172,2.458,2.677
2025/3/7,0.845,1.118,1.215,1.5,1.92,2.209,2.493,2.692
2025/3/10,0.871,1.155,1.257,1.551,1.981,2.269,2.542,2.728
2025/3/11,0.83,1.106,1.195,1.486,1.942,2.231,2.526,2.721
2025/3/12,0.846,1.13,1.231,1.501,1.94,2.218,2.53,2.732
2025/3/13,0.856,1.149,1.252,1.523,1.957,2.236,2.542,2.754
2025/3/14,0.836,1.121,1.215,1.496,1.943,2.227,2.53,2.758
2025/3/17,0.805,1.095,1.201,1.487,1.951,2.239,2.546,2.779
2025/3/18,0.81,1.095,1.192,1.482,1.935,2.223,2.538,2.783
2025/3/19,0.836,1.11,1.215,1.496,1.942,2.231,2.538,2.78
2025/3/21,0.846,1.121,1.227,1.5,1.947,2.227,2.534,2.769
2025/3/24,0.862,1.134,1.242,1.52,1.958,2.235,2.538,2.769
2025/3/25,0.878,1.169,1.28,1.55,1.989,2.257,2.538,2.764
2025/3/26,0.883,1.178,1.292,1.556,1.982,2.248,2.542,2.762
2025/3/27,0.883,1.178,1.294,1.561,1.985,2.248,2.526,2.714
2025/3/28,0.868,1.15,1.258,1.523,1.951,2.214,2.482,2.648
2025/3/31,0.831,1.095,1.195,1.469,1.912,2.191,2.478,2.659
2025/4/1,0.854,1.106,1.207,1.482,1.923,2.198,2.494,2.685
2025/4/2,0.834,1.076,1.177,1.454,1.887,2.159,2.438,2.622
2025/4/3,0.753,0.969,1.079,1.337,1.799,2.078,2.373,2.573
2025/4/4,0.611,0.781,0.885,1.171,1.61,1.93,2.296,2.501
2025/4/7,0.585,0.746,0.827,1.124,1.585,1.911,2.275,2.509
2025/4/8,0.645,0.854,0.951,1.262,1.746,2.091,2.47,2.699
2025/4/9,0.609,0.834,0.926,1.277,1.859,2.243,2.642,2.841
2025/4/10,0.675,0.91,1.026,1.371,1.931,2.261,2.609,2.813
2025/4/11,0.608,0.84,0.948,1.348,1.982,2.311,2.66,2.873
2025/4/14,0.587,0.813,0.941,1.339,2.018,2.372,2.754,2.967
2025/4/15,0.643,0.881,1.007,1.367,2.004,2.328,2.731,2.966
2025/4/16,0.611,0.838,0.943,1.295,1.929,2.262,2.645,2.891
2025/4/17,0.647,0.862,0.97,1.31,1.931,2.253,2.605,2.838
2025/4/18,0.631,0.839,0.947,1.291,1.922,2.265,2.649,2.881
2025/4/21,0.646,0.843,0.957,1.291,1.937,2.292,2.676,2.913
2025/4/22,0.666,0.872,0.984,1.311,1.92,2.262,2.672,2.902
2025/4/23,0.681,0.901,1.006,1.328,1.9,2.227,2.625,2.848
2025/4/24,0.67,0.878,0.989,1.315,1.868,2.221,2.633,2.863
2025/4/25,0.689,0.897,1.012,1.334,1.896,2.244,2.637,2.895
2025/4/28,0.684,0.893,0.993,1.315,1.88,2.231,2.637,2.895
2025/4/30,0.674,0.882,0.994,1.315,1.88,2.223,2.644,2.895
2025/5/1,0.629,0.838,0.942,1.276,1.856,2.218,2.653,2.902
2025/5/2,0.609,0.824,0.94,1.267,1.857,2.236,2.692,2.944
2025/5/7,0.608,0.842,0.975,1.301,1.9,2.304,2.791,3.042
2025/5/8,0.618,0.863,0.995,1.325,1.927,2.314,2.778,3.043
2025/5/9,0.633,0.882,1.022,1.353,1.979,2.348,2.801,3.084
2025/5/12,0.659,0.913,1.055,1.386,2.004,2.386,2.835,3.112
2025/5/13,0.715,0.98,1.12,1.442,1.996,2.348,2.778,3.054
2025/5/14,0.705,0.966,1.116,1.448,2.011,2.368,2.811,3.077
2025/5/15,0.715,1,1.144,1.471,2.044,2.396,2.839,3.116
2025/5/16,0.705,0.98,1.112,1.448,2.024,2.379,2.839,3.129
2025/5/19,0.715,0.995,1.139,1.475,2.05,2.404,2.85,3.126
2025/5/20,0.725,1.006,1.149,1.508,2.12,2.53,2.968,3.225
2025/5/21,0.715,0.995,1.15,1.508,2.12,2.519,2.975,3.238
2025/5/22,0.731,1.029,1.204,1.55,2.161,2.557,2.998,3.275
2025/5/23,0.726,1.029,1.194,1.536,2.154,2.515,2.923,3.194
2025/5/26,0.72,1.01,1.157,1.498,2.117,2.489,2.9,3.184
2025/5/27,0.731,1,1.121,1.457,2.02,2.344,2.743,3.013
2025/5/28,0.747,1.04,1.184,1.508,2.058,2.396,2.797,3.061
2025/5/29,0.752,1.029,1.178,1.508,2.085,2.442,2.854,3.119
2025/5/30,0.742,1.014,1.163,1.494,2.054,2.408,2.846,3.103
2025/6/2,0.754,1.029,1.167,1.499,2.046,2.396,2.82,3.08
2025/6/3,0.754,1.021,1.154,1.475,2.037,2.396,2.824,3.096
2025/6/4,0.764,1.04,1.177,1.494,2.055,2.421,2.831,3.13
2025/6/5,0.754,1.006,1.136,1.457,2.008,2.361,2.786,3.076
2025/6/6,0.759,1.01,1.136,1.452,1.989,2.34,2.778,3.048
2025/6/9,0.774,1.03,1.154,1.466,2.004,2.366,2.804,3.083
2025/6/10,0.769,1.03,1.159,1.471,2.028,2.391,2.808,3.086
2025/6/11,0.753,1.015,1.14,1.452,2.016,2.383,2.808,3.096
2025/6/12,0.753,1.01,1.14,1.452,2.031,2.396,2.805,3.084
2025/6/13,0.733,0.965,1.084,1.4,1.989,2.352,2.782,3.061
2025/6/16,0.753,1.01,1.131,1.447,2.031,2.382,2.8,3.065
2025/6/17,0.763,1.03,1.159,1.47,2.042,2.4,2.824,3.088
2025/6/18,0.748,1.006,1.141,1.451,2.028,2.387,2.82,3.092
2025/6/19,0.722,0.956,1.095,1.409,1.989,2.364,2.808,3.084
2025/6/20,0.722,0.95,1.088,1.395,1.989,2.361,2.797,3.096
2025/6/23,0.732,0.961,1.102,1.405,1.989,2.348,2.809,3.122
2025/6/24,0.732,0.961,1.103,1.414,1.992,2.348,2.812,3.119
2025/6/25,0.716,0.948,1.089,1.395,1.961,2.326,2.797,3.103
2025/6/26,0.726,0.967,1.108,1.414,1.965,2.326,2.793,3.096
2025/6/27,0.74,0.976,1.121,1.427,1.977,2.34,2.801,3.088
2025/6/30,0.745,0.98,1.127,1.428,1.993,2.357,2.805,3.088
2025/7/1,0.735,0.967,1.107,1.391,1.958,2.33,2.789,3.076
2025/7/2,0.74,0.971,1.116,1.429,1.966,2.335,2.785,3.068
2025/7/3,0.745,0.986,1.155,1.443,2.013,2.366,2.839,3.123
2025/7/4,0.735,0.971,1.144,1.439,2.014,2.374,2.852,3.123
2025/7/7,0.73,0.971,1.143,1.457,2.044,2.421,2.932,3.212
2025/7/8,0.73,0.982,1.162,1.485,2.09,2.485,3.007,3.305
2025/7/9,0.751,1.024,1.186,1.5,2.102,2.493,3.002,3.293
2025/7/10,0.756,1.02,1.181,1.491,2.108,2.493,3.007,3.296
2025/7/11,0.761,1.031,1.195,1.5,2.098,2.5,2.991,3.273
2025/7/14,0.777,1.068,1.25,1.566,2.181,2.589,3.082,3.399
2025/7/15,0.787,1.079,1.264,1.579,2.21,2.606,3.086,3.393
2025/7/16,0.787,1.079,1.26,1.566,2.18,2.559,3.01,3.313
2025/7/17,0.782,1.075,1.253,1.552,2.168,2.559,3.029,3.312
2025/7/18,0.767,1.039,1.223,1.519,2.126,2.521,3.014,3.296
2025/7/22,0.751,1.02,1.2,1.5,2.115,2.525,3.022,3.312
2025/7/23,0.83,1.117,1.297,1.585,2.188,2.585,3.061,3.372
2025/7/24,0.846,1.132,1.311,1.594,2.18,2.568,3.034,3.331
2025/7/25,0.856,1.147,1.319,1.594,2.171,2.546,3.006,3.293
2025/7/28,0.841,1.113,1.282,1.56,2.131,2.508,2.975,3.258
